id,route,toll,median,female,age3050,distance,householdsize,high_income,med_income,occupanc,trans
1000169,1,3.25,-4.152752,1,1,34.58,2,1,0,1,1
1000187,0,3.25,-4.849391,0,1,26.44,1,0,0,1,0
1000201,1,1.625,-4.849391,0,1,24.09,5,0,1,3,1
1000209,0,2.9,-3.243314,0,0,26.46,7,0,0,1,0
1000282,1,2.9,-2.24618,0,1,45.88,3,0,1,1,1
1000412,0,3.25,-5.615552,0,1,37.07,4,0,0,1,0
1000438,1,1.45,-1.583941,1,1,26.85,6,0,1,3,1
1000445,0,3.25,-4.594528,1,0,33.12,3,0,0,1,0
1000468,0,1.65,-0.3577151,0,1,43.61,4,0,1,1,0
1000479,0,2.9,-1.871945,0,0,33.69,1,0,1,1,1
1000499,1,3.25,-5.392725,1,1,33.44,3,0,0,2,1
1000551,0,1.65,-0.1348974,0,0,35.04,2,0,0,1,0
1000644,0,3.25,-3.887441,0,0,34.21,1,0,1,1,0
1000664,1,1.95,-1.169607,0,0,24.1,2,1,0,1,1
1000685,1,0.825,-0.783162,1,1,20.51,4,0,0,3,1
1000727,0,3,-4.002799,0,1,28.06,2,0,1,1,0
1000739,1,1.95,-1.206373,1,0,51.53,1,0,0,1,1
1000808,0,1.65,-0.2124101,0,0,37.58,2,0,1,1,0
1000818,1,1.65,-0.2027345,0,1,35.65,4,0,1,2,1
1000831,0,1.95,-0.9206871,0,1,16.51,2,0,1,1,0
1000853,0,3,-3.82081,0,0,27.58,3,0,1,2,0
1000856,0,1.95,-0.9849447,0,1,30.72,4,1,0,1,1
1000934,1,3,-1.073091,1,0,42.46,2,0,1,1,1
1000948,0,3,-3.955039,0,1,28.59,5,0,0,1,0
1000966,0,2.9,-3.477957,0,0,26.27,3,0,0,1,0
1000979,1,1.95,-1.025752,1,1,24.66,4,0,1,2,1
1000982,1,3,-3.76112,1,1,45.72,7,0,1,1,1
1001014,0,2.9,-1.419181,0,1,22.92,6,0,0,1,0
1001023,1,2.9,-3.750007,0,1,42.93,5,1,0,1,1
1001054,0,1.95,-1.257859,1,0,40.54,2,1,0,2,1
1001096,0,0.975,-0.9106594,0,1,64.61,4,0,1,3,0
1001149,1,3,-3.806324,1,0,26.96,2,0,1,1,1
1001190,0,3,-3.798334,1,0,16.51,2,0,1,2,0
1001192,0,1.65,-0.767866,0,1,36.98,4,0,1,1,1
1001246,0,3,-4.553531,0,0,28.73,4,1,0,1,1
1001279,0,1.95,-0.9504179,0,1,29.13,4,1,0,1,1
1001285,0,2.9,-2.127987,1,0,22.53,2,0,0,1,0
1001288,0,3,-3.76112,1,0,13.1,2,0,0,1,0
1001423,0,2.9,-3.243314,0,0,28.68,4,0,0,1,0
1001425,0,3.25,-5.435291,0,1,36.04,3,0,0,1,1
1001465,0,1.45,-3.666497,1,0,25.2,3,0,0,3,1
1001491,1,3,-3.959366,1,1,36.76,4,0,1,1,1
1001556,0,2.9,-1.165325,0,1,11.77,4,0,1,1,1
1001578,1,3,-4.422228,1,1,15.82,3,1,0,1,1
1001665,0,2.9,-3.497128,0,0,16.51,7,0,1,1,0
1001672,0,3,-3.76112,0,1,24.69,3,1,0,1,1
1001687,0,2.9,-1.22931,1,1,20.8,2,0,1,1,0
1001704,0,1.95,-0.9867115,1,0,22.8,1,0,0,1,0
1001710,0,3,-3.959366,0,1,33.33,2,0,0,1,1
1001724,0,1.65,-0.6943448,0,0,13.1,8,0,0,1,0
1001823,1,3.25,-5.426097,1,1,20.4,3,0,1,1,1
1001884,0,3,-3.874334,1,0,19.08,9,0,1,1,0
1001965,0,2.9,-1.22931,0,0,35.62,3,0,0,1,0
1001968,0,1.95,-1.184322,1,1,15.46,2,0,1,1,0
1002012,0,3,-3.787047,1,0,15.91,2,0,0,1,0
1002027,0,3.25,-4.820306,0,0,27.49,3,0,0,2,1
1002030,0,3,-3.837622,0,0,37.58,2,0,1,1,0
1002054,0,1.65,-0.2996555,0,1,49.41,3,0,1,1,0
1002128,0,2.9,-3.409326,0,0,17.09,2,0,1,1,0
1002338,0,2.9,-1.174366,0,1,24.68,4,0,1,1,1
1002420,0,3.25,-4.704754,0,1,50.94,5,0,0,1,0
1002485,1,2.9,-2.098866,0,1,22.47,4,1,0,1,1
1002508,0,1.65,-0.1348974,0,1,21.78,6,1,0,1,0
1002524,1,3.25,-4.880798,0,1,16.86,4,1,0,1,1
1002530,1,3.25,-5.34896,1,1,29.36,4,0,0,2,1
1002625,1,3.25,-4.928362,1,0,46.9,3,0,1,2,1
1002626,0,0.825,-1.383234,0,0,56.3,5,1,0,3,1
1002630,0,1.65,-0.6033129,0,1,61.47,4,0,0,1,0
1002721,0,2.9,-3.715658,1,0,55.32,2,1,0,1,0
1002735,0,3,-3.76112,0,0,21.18,3,0,1,2,0
1002756,0,3.25,-5.52667,0,1,32.58,4,0,1,1,1
1003932,1,2.9,-2.881849,1,0,38.87,5,1,0,1,1
1003941,0,3,-1.424489,0,0,16.46,4,1,0,1,1
1003972,1,1.45,-3.453339,0,0,31.07,4,0,1,3,1
1003992,0,3.25,-4.956217,0,1,29.86,4,0,0,1,0
1004009,1,2.9,-3.232346,1,1,32.99,2,0,0,1,1
1004167,0,3.25,-5.392725,1,1,24.3,4,1,0,2,0
1004168,0,3,-4.002598,1,0,21.17,6,0,0,1,0
1004202,0,2.9,-3.243314,0,0,39,1,0,0,1,0
1004322,0,3.25,-3.545216,0,1,44.31,5,0,1,1,0
1004374,0,3,-3.837622,0,0,34.3,4,1,0,2,0
1004491,0,3,-3.869061,0,0,22.32,4,0,1,1,1
1004514,0,2.9,-1.300702,0,0,36.98,4,1,0,1,0
1004521,0,1.65,-0.328636,1,1,48.06,2,0,0,2,0
1004584,1,1.625,-5.408103,0,1,27.48,3,0,0,3,1
1004600,0,3.25,-3.632327,1,1,19.29,4,0,1,1,1
1004605,1,3.25,-4.762114,0,1,21.04,4,1,0,1,1
1004646,0,2.9,-3.075008,0,1,46.48,6,0,0,1,0
1004665,0,2.9,-3.409326,0,1,43.61,2,0,0,1,1
1004792,0,1.65,-1.604216,0,0,34.58,3,1,0,1,0
1004857,0,3,-1.289587,0,1,31.33,5,0,0,1,0
1004899,0,1.65,-1.18636,0,1,34.95,1,0,0,1,0
1004908,1,2.9,-3.723625,1,1,25.2,2,0,0,2,1
1004957,0,1.625,-4.820306,1,1,34.13,10,0,0,3,0
1004960,0,2.9,-2.090106,0,0,43.61,3,0,0,1,0
1004963,0,2.9,-2.566366,0,1,31.67,5,0,0,1,0
1004971,0,1.65,-1.269514,0,1,67.17,4,0,0,1,0
1004978,0,3,-4.558501,0,1,16.51,4,0,0,1,0
1005036,0,3,-4.485382,1,1,54.37,4,0,1,1,0
1005057,0,2.9,-1.262095,1,1,19.29,4,1,0,1,1
1005080,0,1.95,-0.9209437,0,1,39.58,1,0,0,1,0
1005109,1,2.9,-1.982454,1,0,18.57,3,0,0,1,1
1005152,1,1.95,-1.015662,1,1,23.73,5,0,0,2,1
1005262,0,3,-4.002598,1,1,42.19,2,0,1,1,1
1005330,0,3,-1.684477,1,1,41.2,5,0,0,2,1
1005403,0,3.25,-5.305177,1,0,36.88,6,1,0,1,0
1005466,0,3,-4.002799,0,0,37.45,3,0,1,1,1
1005479,0,1.45,-2.099864,1,0,25.76,2,0,1,3,0
1005483,1,0.975,-1.038098,1,1,75.65,4,0,1,3,1
1005514,1,3.25,-5.519444,0,1,25.7,3,0,1,1,1
1005522,1,3,-4.365237,1,0,24.32,2,0,0,1,1
1005649,0,2.9,-1.073091,0,0,35.34,6,0,1,1,0
1005758,0,3,-3.835003,1,1,20.8,3,0,0,2,1
1005796,0,2.9,-2.690468,1,0,19.74,3,0,0,1,0
1005837,0,1.625,-5.34896,1,0,43.14,2,0,1,3,0
1005969,0,1.65,-0.2511979,0,1,39,3,0,1,1,0
1006016,0,3,-3.959366,0,0,30.7,4,0,0,1,0
1006019,0,3,-4.002598,0,1,25.78,3,0,0,1,0
1006031,0,2.9,-2.922082,0,1,34.29,4,0,0,1,0
1006043,1,1.95,-0.9722101,1,0,30.57,2,1,0,1,1
1006237,0,3,-4.346145,0,0,33.33,3,0,1,1,0
1006259,0,3.25,-4.849391,0,1,51.67,4,0,0,1,0
1006309,0,1.65,-0.3577151,1,0,21.22,2,0,0,1,0
1006314,1,3,-4.346145,1,1,29.06,2,0,0,1,1
1006326,0,2.9,-1.95441,0,1,28.04,4,0,1,1,1
1006359,0,2.9,-3.477957,0,1,23.59,4,1,0,1,1
1006390,0,2.9,-2.422315,0,1,27.6,4,0,0,1,0
1006434,1,3.25,-3.33624,0,0,29.66,4,1,0,1,1
1006447,1,3.25,-4.247431,1,1,19.33,5,1,0,1,1
1006448,0,3,-3.874334,0,1,50.84,2,0,0,1,0
1006470,1,2.9,-3.424254,0,0,29.86,6,0,0,2,1
1006489,1,3,-3.81253,1,0,48.63,3,0,1,2,1
1006494,1,2.9,-2.24618,0,0,15.9,2,0,1,1,1
1006497,0,2.9,-3.409326,0,1,36.76,4,1,0,1,0
1006504,1,2.9,-2.14266,1,1,22.92,3,1,0,2,1
1006533,1,1.95,-0.9454573,0,1,25.92,4,1,0,1,1
1006582,0,2.9,-2.726185,0,0,17.78,2,0,0,2,0
1007744,0,3,-4.703961,0,0,61.35,6,0,1,1,0
1007790,0,1.95,-1.096086,0,0,60.96,2,1,0,1,0
1008520,0,1.65,-0.6912208,0,1,29.97,4,0,0,1,0
1008770,0,3.25,-4.247431,0,1,47.49,5,0,0,1,0
1008986,0,1.5,-2.090106,1,0,50.83,2,0,0,3,0
1009472,0,2.9,-2.366609,0,1,45.08,2,0,1,1,1
1009755,0,1.65,-0.8187543,0,0,32.91,3,0,1,1,0
1009883,0,1.625,-5.52667,1,0,20.91,2,0,0,3,0
1010825,1,2.9,-3.232346,1,1,40.61,2,0,1,1,1
1011033,1,3.25,-5.435291,1,1,33.33,6,0,1,2,1
1011071,0,3,-3.955039,0,1,15.85,3,1,0,1,1
1011651,0,2.9,-3.379519,1,0,39.06,2,0,0,1,0
1011954,0,1.95,-1.052366,0,0,54.44,2,0,1,2,0
1012676,0,3.25,-3.918396,1,1,20.11,5,1,0,1,0
1012905,0,1.65,-0.476356,0,1,29.67,5,0,1,1,1
1013082,0,3.25,-4.247431,0,0,29.08,2,1,0,1,1
1015603,0,1.95,-0.9485112,0,0,43.61,3,0,0,1,1
1015735,1,1.65,-1.795859,1,0,33.18,3,1,0,2,1
1017510,0,2.9,-3.349684,0,1,37.45,4,0,1,2,1
1017912,0,2.9,-2.566366,1,1,35.31,6,0,1,2,0
1018102,0,2.9,-2.098866,0,0,43.03,3,0,0,1,0
1019293,0,2.9,-3.157621,0,0,33.18,2,0,0,1,0
1019727,0,1.65,-0.3770913,0,1,61.66,5,1,0,1,0
1019813,1,1.95,-1.110781,0,1,44.83,2,0,0,1,1
1021845,0,3,-3.842873,0,0,35.59,10,0,0,1,0
1022012,0,1.95,-1.279908,1,1,34.64,3,0,0,2,0
1024409,0,2.9,-2.280329,0,1,56.84,5,0,0,1,0
1024918,0,3.25,-5.519444,0,0,53.38,2,1,0,1,1
1026994,0,3,-4.476566,1,1,47.04,3,0,1,1,1
1027309,0,2.9,-3.157621,0,1,16.51,2,0,0,2,0
1027318,0,2.9,-2.127987,0,0,33.05,3,0,0,1,0
1030316,0,3,-4.400308,0,0,56.91,2,0,0,1,0
2000293,0,3.25,-4.762114,0,0,21.78,2,0,1,1,1
2000658,0,2.9,-2.390442,0,0,56.74,2,0,0,1,0
2001314,0,2.9,-2.249893,0,1,39.7,3,1,0,2,1
2001317,0,2.9,-3.715658,0,0,55.76,3,0,1,1,1
2001661,0,3,-4.703961,0,0,14.17,7,0,1,1,0
2001913,0,3,-4.388168,0,0,22.43,2,1,0,1,1
2001947,0,3.25,-5.615552,1,0,19.33,3,0,1,1,0
2001974,0,3,-2.486067,0,1,26.96,2,0,1,1,0
2002051,0,3,-3.827014,0,0,27.78,2,1,0,2,0
2002196,1,1.5,-4.01126,0,1,32.03,3,0,0,3,1
2002346,0,1.95,-1.074014,0,0,63.9,4,0,0,1,0
2002766,1,2.9,-3.275553,0,0,37.52,1,0,1,1,1
2002853,0,1.65,-1.295179,1,1,26.58,4,0,0,1,0
2003044,0,1.65,-1.54037,1,1,63.56,2,1,0,2,1
2003179,0,3.25,-5.426097,0,0,30.32,4,0,1,2,1
2003316,0,3.25,-4.807616,1,0,17.09,2,0,1,1,1
2005365,0,3.25,-5.34896,0,0,17.09,2,1,0,1,1
2005709,1,2.9,-3.339896,0,1,24.44,2,0,0,2,1
2005993,0,3,-1.25332,0,1,51.46,4,0,0,1,0
2006013,0,3,-3.837622,0,1,29.63,5,0,1,1,1
2006081,1,1.5,-4.558501,0,1,37.12,4,0,0,3,1
2006260,0,3.25,-5.530786,1,1,20.8,4,0,1,2,1
2006578,0,1.625,-5.482712,0,1,19.29,3,0,0,3,1
2006693,0,3.25,-4.342789,1,0,33.28,3,0,1,1,1
2008162,0,3.25,-4.928362,0,1,36.64,5,0,1,1,0
2008399,1,1.625,-5.519444,1,1,43.09,2,1,0,3,1
2008477,0,3,-3.968006,0,0,13.1,5,0,0,1,1
2008485,0,3,-3.768528,1,1,21.84,5,0,1,2,1
2008489,0,3,-3.961113,1,1,21.18,5,1,0,1,1
2008537,0,2.9,-3.73152,1,1,22.43,4,0,1,2,1
2008588,1,3.25,-5.530786,1,1,24.09,5,0,1,1,1
2008729,0,3.25,-3.959355,1,1,33.28,3,0,0,1,1
2008740,0,2.9,-1.323006,0,1,30.32,5,0,0,2,0
2008741,0,3,-3.82081,0,1,32.58,4,1,0,2,1
2008764,0,3.25,-4.594528,0,0,32.35,2,0,1,1,1
2009182,0,2.9,-1.37291,1,1,10.62,4,0,1,2,1
2009195,0,3,-3.969455,1,0,17.91,3,0,0,1,1
2009207,0,3,-3.01018,0,1,15.17,3,1,0,1,1
2009386,0,2.9,-1.982454,0,0,35.56,3,0,1,1,1
2009393,0,1.95,-1.169607,0,1,24.74,3,0,1,1,1
2009428,0,2.9,-3.453339,1,1,45.71,3,0,1,1,1
2009449,0,3.25,-4.11096,1,1,18.5,4,0,1,1,1
2009511,0,2.9,-2.82557,1,1,43.3,6,0,1,1,1
2009518,1,1.5,-3.81253,0,1,47.28,4,1,0,3,1
2010019,1,3.25,-4.704754,0,1,27.54,4,1,0,1,1
2010042,0,2.9,-3.497128,0,0,38.09,4,0,0,1,0
2010133,0,1.65,-0.6033129,0,0,48,3,0,1,2,1
2010187,1,1.95,-0.9951659,1,0,36.48,2,1,0,1,1
2015066,1,3,-4.002799,0,1,23.04,2,1,0,2,1
2015237,1,2.9,-3.339896,0,1,50.45,4,1,0,1,1
2100024,1,3,-4.422228,0,1,35.71,2,0,0,1,1
2100111,0,1.95,-1.025752,0,1,18.27,5,0,0,1,0
2100155,1,2.9,-1.424489,0,1,19.33,3,0,1,1,1
2100169,0,2.9,-2.726185,1,1,33.55,5,0,1,1,1
2100217,1,3,-3.959366,0,0,29.86,4,0,0,2,1
2100272,1,1.95,-0.9345059,0,1,22.74,5,0,1,1,1
2150048,1,3,-3.768528,0,0,29.66,3,0,1,2,1
2150077,0,2.9,-3.349684,1,1,33.51,4,0,1,2,1
3001022,0,2.9,-2.14266,1,1,36.11,2,0,1,1,1
3001041,1,3,-3.874334,1,1,57.46,2,1,0,2,1
3001053,1,2.9,-3.73181,0,0,47.11,4,0,1,1,1
3001085,0,3,-4.553531,0,1,23.73,3,0,1,1,1
3001140,1,2.9,-3.275553,0,1,82.05,4,0,1,2,1
3001237,1,1.95,-0.9345059,0,1,39.56,2,0,0,1,1
3001306,0,2.9,-3.742595,0,0,71.54,2,1,0,1,1
3001328,1,3,-4.002799,0,1,32.17,2,0,1,2,1
3001337,0,3,-3.787047,0,0,22.53,4,1,0,1,1
3001349,1,2.9,-1.529983,0,0,53.62,2,0,1,2,1
3001384,1,1.95,-1.025211,0,0,44.31,2,0,0,1,1
3001400,0,3.25,-3.632327,0,1,25.13,3,1,0,1,1
3001428,0,3,-4.616691,0,1,44.91,5,0,1,1,1
3001446,0,2.9,-1.95441,0,0,26.44,2,0,0,1,1
3001493,0,2.9,-1.465565,0,0,44.62,2,0,0,1,0
3001527,0,2.9,-2.740222,0,0,59.22,5,0,1,2,1
3001538,1,3,-3.798334,0,0,46.52,2,0,1,1,1
3001577,0,1.65,-0.4959092,1,0,61.66,5,0,0,1,0
4000021,0,2.9,-2.189043,0,1,25.21,6,0,0,2,0
4000105,0,1.45,-3.742595,1,1,26.1,2,0,0,3,0
4000118,0,2.9,-3.73181,1,1,49.6,3,0,0,2,0
4000126,1,2.9,-2.856982,0,1,36.82,9,0,0,1,1
4000150,0,2.9,-1.114294,0,1,55.76,4,0,0,1,0
4000164,1,3,-4.703961,1,0,19.33,5,0,1,1,1
4000245,0,3,-4.703961,0,0,37.21,4,0,0,1,0
4000307,0,1.5,-3.822882,0,1,25.02,3,0,0,3,0
4000317,0,3.25,-4.704754,0,1,54.86,4,0,1,1,1
4000339,1,1.95,-1.184322,0,1,76.35,6,1,0,1,1
4000350,0,3,-4.476566,1,0,17.13,2,1,0,1,1
4000510,0,2.9,-1.210005,0,0,22.67,2,0,1,1,1
4000625,0,1.65,-0.4274945,0,1,48.31,4,0,0,1,0
4000639,1,1.5,-4.345901,0,1,29.9,2,0,0,3,1
4000669,0,2.9,-2.82557,0,0,72.58,2,1,0,1,1
4000677,1,3.25,-4.849391,0,0,50.06,2,1,0,2,1
4000791,0,2.9,-2.922082,0,0,37.92,5,0,1,1,0
4000855,1,3,-3.968006,0,1,16.57,4,1,0,1,1
4000866,0,1.45,-3.649563,1,1,20.31,5,0,1,3,1
4000883,0,2.9,-1.95441,1,1,17.12,2,0,0,1,1
4000885,0,3,-3.837622,0,1,27.54,5,0,0,2,0
4000895,0,2.9,-2.922082,1,0,41.14,4,0,1,1,0
4000897,0,3,-4.01118,0,1,26.58,3,0,1,1,1
4000948,0,2.9,-1.156321,0,1,16.06,3,0,0,1,1
4000979,0,3,-3.82081,0,1,61.34,5,0,0,1,0
4001008,1,3,-4.328523,1,0,20.46,4,0,0,1,1
4001028,0,3,-4.485382,0,1,59.93,2,0,1,1,1
4001182,1,2.9,-3.67771,0,1,36.48,3,0,0,1,1
4001183,0,1.95,-1.074014,0,1,33.85,4,0,1,1,0
4001336,1,2.9,-2.922082,0,1,32.87,4,1,0,1,1
4001345,0,3,-4.485382,0,1,22.92,3,0,1,1,1
4001366,0,3,-4.002598,0,1,15.46,4,0,1,1,1
4001392,0,3.25,-3.675946,0,1,29.95,4,0,0,1,0
4001424,1,3,-2.486067,1,1,26.7,3,0,0,2,1
4001522,1,2.9,-1.156321,1,1,56.96,2,0,1,2,1
4001533,0,1.5,-4.476566,1,1,22.8,6,0,1,3,1
4001541,1,3,-3.822882,1,0,26.1,2,0,0,1,1
4001542,0,3.25,-5.530786,0,0,30.93,4,0,1,1,1
4001558,1,3.25,-5.583529,0,1,26.49,4,1,0,2,1
4001589,0,2.9,-3.409326,0,1,48.54,5,0,0,2,0
4001618,1,2.9,-1.08499,0,0,33.2,3,1,0,1,1
4001650,1,2.9,-1.465565,1,1,51.94,3,0,0,1,1
4001655,1,1.45,-2.396078,1,1,30.93,4,0,1,3,1
4001740,0,3.25,-3.980981,0,0,18.99,2,0,1,1,0
4001760,0,2.9,-2.047282,0,1,71.53,4,0,1,1,1
4001800,1,2.9,-1.156321,1,1,61.39,3,0,1,1,1
4001883,0,2.9,-2.768373,1,1,35.31,3,0,0,2,0
4001915,0,3,-3.787047,0,1,47.04,5,0,1,1,0
4001952,1,3,-4.476566,1,1,26.7,4,0,1,1,1
4001953,1,3.25,-3.959355,0,1,24.68,4,0,1,1,1
4002055,1,1.95,-1.025752,0,1,43,5,0,1,1,1
4002106,0,1.65,-1.636129,0,1,38.48,5,0,1,1,1
4002128,0,2.9,-3.660866,0,1,30.13,2,0,1,2,1
4002140,0,3.25,-5.615552,1,1,26.44,2,0,0,1,1
4002162,0,3,-4.400308,0,1,29,3,0,0,1,0
4002257,0,3.25,-4.383059,0,0,16.18,2,0,0,2,0
4002281,0,3,-4.485382,1,0,22.45,3,0,1,1,1
4002317,0,3.25,-4.152752,0,1,37.05,5,0,1,2,1
4002333,0,3.25,-4.342789,0,1,23.72,5,0,0,1,1
4002350,0,2.9,-2.726185,0,1,20.39,6,0,0,2,0
4002395,0,3,-3.76112,1,0,10.18,4,0,1,1,0
4002430,0,3.25,-4.247431,0,0,30.25,2,0,1,1,0
4002436,0,2.9,-2.768373,1,1,29.51,5,0,1,1,0
4002491,0,1.625,-5.36457,1,1,14.17,4,0,1,3,1
4002497,0,3,-4.130122,1,1,29.99,3,0,1,2,1
4002498,0,2.9,-2.916433,1,0,27.63,5,0,1,1,0
4002509,1,3.25,-3.255713,1,1,24.57,5,0,1,1,1
4002529,0,3.25,-5.392725,0,0,33.46,2,0,1,1,0
4002615,0,2.9,-1.300702,0,0,34.51,6,0,0,1,1
4002680,0,2.9,-3.723625,0,1,32.27,3,1,0,1,1
4002749,0,0.975,-0.9206871,1,1,20.8,3,1,0,3,1
4002807,1,2.9,-3.477957,0,0,60.6,2,1,0,1,1
4002820,0,1.65,-1.130903,0,1,69.24,4,0,1,1,0
4002860,0,2.9,-3.735191,0,1,60.47,2,0,0,1,0
4002863,0,2.9,-3.232346,0,1,15.82,2,1,0,1,1
4002953,0,2.9,-2.881849,1,1,27.97,3,0,1,1,1
4003070,0,1.95,-0.9867115,0,1,19.11,2,0,0,1,1
4003115,1,3,-4.485382,0,1,36.76,1,0,0,2,1
4003186,0,3,-3.968006,1,1,25.6,5,0,1,1,1
4003266,1,3.25,-3.545216,0,1,26.09,5,0,1,1,1
4003306,0,3,-4.002598,0,0,55.76,4,0,1,1,1
4003312,1,3.25,-5.628882,0,1,32.72,4,0,1,2,1
4003425,0,2.9,-3.157621,0,1,22.34,6,1,0,1,1
4003430,0,2.9,-1.439796,0,1,36.27,1,0,0,1,0
4003608,0,1.95,-1.169607,0,1,43.61,4,0,1,1,0
4003628,0,2.9,-2.297617,0,0,26.41,2,0,0,1,1
4003677,1,3,-4.422228,0,1,22.47,5,1,0,1,1
4003732,0,1.5,-3.76112,0,1,29.52,5,0,0,3,0
4003761,1,2.9,-1.871945,0,1,32.99,4,1,0,1,1
4003781,0,3.25,-5.34896,1,0,16.53,4,0,0,1,1
4003827,1,1.625,-5.305177,0,0,29.99,3,1,0,3,1
4003844,0,0.825,-0.2124101,0,1,21.34,5,0,1,3,0
4003930,0,3,-3.82081,0,0,41.01,5,0,0,1,0
4003985,1,2.9,-3.243314,1,0,24.69,2,1,0,1,1
4003999,0,3,-3.82081,0,1,25.13,4,0,1,2,1
4004040,0,3,-4.477624,0,1,77.14,4,0,1,1,0
4004045,0,3,-2.24618,0,1,18.81,4,1,0,2,0
4004049,0,1.45,-2.366609,0,1,29.9,6,0,1,3,1
4004066,0,1.65,-0.7332996,0,1,56.59,4,0,1,1,0
4004135,0,2.9,-2.425672,1,1,38.36,4,1,0,2,1
4004243,0,1.65,-0.4959092,0,1,45.05,2,1,0,1,0
4004293,0,3.25,-3.255713,0,0,21.34,3,0,0,1,0
4004295,1,3.25,-5.253339,1,1,54.87,3,0,0,2,1
4004312,0,3,-3.869061,0,1,35.04,4,0,0,1,1
4004314,0,2.9,-1.165325,0,1,31.01,5,1,0,1,0
4004390,1,3,-3.968006,0,1,20.31,4,0,1,1,1
4004402,0,2.9,-3.243314,0,1,54.3,5,0,1,1,1
4004409,1,1.625,-4.342789,1,1,61.25,2,0,0,3,1
4004461,0,1.65,-0.6133173,0,1,26.41,5,0,0,1,0
4004505,0,3.25,-5.482712,1,0,22.52,5,0,0,1,0
4004654,0,3,-4.345901,0,1,39.7,7,0,0,2,0
4004721,0,2.9,-1.871945,0,1,16.57,6,0,1,1,0
4004811,1,1.95,-0.9528936,0,1,30.72,2,1,0,1,1
4004894,0,1.65,-0.456818,0,0,48.63,3,0,1,2,1
4004994,0,2.9,-1.773188,0,1,57,3,0,1,2,1
4005003,0,2.9,-3.750007,0,1,43.04,5,0,0,2,1
4005042,0,2.9,-3.742595,0,0,25.79,2,1,0,1,1
4005044,0,1.65,-1.103182,0,1,66.13,5,0,1,1,1
4005079,0,3,-3.976681,0,0,32.72,4,0,0,2,1
4005203,1,1.45,-3.742595,0,1,27.83,2,0,1,3,1
4005214,0,3.25,-3.959355,0,1,19.16,2,0,1,1,0
4005240,0,1.65,-1.636129,0,1,39.06,2,1,0,1,1
4005405,0,1.95,-0.9999965,0,0,45.62,3,1,0,1,0
4005411,0,2.9,-1.447919,0,1,31.41,5,0,0,1,1
4005573,0,1.65,-0.5056457,0,1,33.54,5,0,0,2,0
4005593,0,1.65,-0.5056457,0,0,27.66,3,1,0,1,1
4005607,0,1.65,-1.699988,0,1,67.9,3,1,0,1,1
4005618,1,3.25,-3.980981,0,1,39.62,3,0,1,1,1
4005650,0,1.95,-0.9620006,0,0,32.15,1,0,0,2,0
4005690,0,2.9,-1.586799,0,1,14.55,2,0,0,2,0
4005734,0,2.9,-1.846369,0,0,10.62,4,0,1,1,1
4005748,0,3.25,-4.880798,0,0,47.58,2,0,1,2,1
4005816,0,3.25,-5.52667,1,0,22.27,1,0,0,2,0
4005868,1,2.9,-3.477957,0,1,19.11,3,0,0,1,1
4005879,0,2.9,-3.660866,0,1,27.78,4,0,1,2,0
4005883,0,3.25,-5.519444,0,1,43.13,7,0,0,1,0
4005940,1,3,-3.863807,0,1,30.08,4,1,0,2,1
4005972,0,1.95,-1.012919,0,0,16.06,2,0,0,1,1
4005973,1,2.9,-2.740222,0,1,30.89,6,0,1,1,1
4006017,1,1.65,-1.18636,1,0,34.81,2,1,0,1,1
4006040,0,2.9,-3.232346,0,1,25.01,1,0,0,1,1
4006131,0,1.65,-1.241813,0,1,57,4,0,1,1,0
4006136,1,1.65,-1.18636,1,1,42.71,2,0,1,2,1
4006290,0,3.25,-4.762114,0,0,33.69,4,1,0,1,1
4006309,0,3,-3.946385,0,1,41.99,3,0,0,1,0
4006319,0,2.9,-3.750007,1,0,43.26,5,0,0,2,1
4006352,0,2.9,-3.67771,0,0,37.71,4,0,1,1,1
4006408,0,3,-3.798334,0,0,25.79,2,0,1,1,1
4006538,0,3,-3.933419,0,1,43.4,7,0,0,1,1
4006616,0,1.65,-1.18636,1,0,29.83,3,1,0,2,0
4006660,0,3.25,-5.482712,0,0,44.66,5,0,1,1,0
4006663,1,1.45,-3.715658,0,1,38.82,5,1,0,3,1
4006670,1,2.9,-2.090106,1,1,44.62,2,1,0,1,1
4010049,0,1.65,-1.699988,0,0,76.35,5,1,0,1,0
4010232,0,3.25,-4.952962,1,1,21.17,3,0,0,1,1
4010297,1,1.95,-0.9186119,1,1,76.35,2,0,1,1,1
4010305,1,2.9,-2.768373,1,1,50.45,7,1,0,2,1
4010323,0,1.65,-0.6912208,0,1,56.59,4,0,1,1,0
4010499,0,2.9,-3.255402,1,1,27.19,6,0,0,1,1
4010515,0,2.9,-2.366609,0,1,24.11,3,0,0,1,0
4010593,0,1.5,-3.976681,1,0,22.43,3,0,0,3,0
4010727,0,3,-2.047282,0,1,20.01,2,1,0,2,0
4010739,0,3.25,-3.255713,1,0,57.23,4,0,0,1,0
4010802,0,1.95,-0.922297,0,0,62.32,2,0,0,1,0
4010816,0,3.25,-4.762114,1,0,27.68,3,1,0,2,1
4010829,0,3.25,-4.849391,0,0,35.25,4,0,0,1,0
4010846,0,2.9,-3.424254,0,1,24.32,2,0,1,1,0
4010865,0,3,-3.874334,0,0,61.34,3,0,1,1,0
4010901,0,1.65,-1.103182,0,0,23.72,2,0,1,1,1
4010902,1,2.9,-2.280329,0,1,56.3,6,0,0,1,1
4010922,0,2.9,-1.263234,0,1,31.13,2,0,1,1,1
4010966,0,3,-3.968006,1,1,15.17,2,0,1,1,0
4011128,0,1.95,-0.9999965,0,1,15.17,3,0,1,1,0
4011141,0,2.9,-2.24618,0,1,25.17,6,1,0,2,1
4011289,0,3,-3.01018,1,1,22.53,3,0,0,2,1
4011317,0,3.25,-5.414628,0,1,11.89,4,1,0,1,0
4011346,0,3,-3.969455,1,0,19.29,3,0,1,1,0
4011396,0,3.25,-3.980981,1,1,24.72,4,1,0,1,1
4011627,0,2.9,-2.65335,1,1,29.06,2,0,0,1,1
4011670,0,2.9,-1.982454,0,1,33.33,2,0,1,1,0
4011721,0,3.25,-5.408103,0,1,33.16,3,0,0,2,0
4011766,0,3,-3.787047,0,0,23.04,2,0,1,1,0
4011781,0,2.9,-2.425672,0,1,30.51,4,0,1,1,1
4011790,0,3.25,-4.820306,0,1,28.06,3,0,0,1,0
4011925,0,1.65,-0.783162,0,0,63.29,2,0,0,1,1
4012019,0,3,-4.328523,1,1,27.83,3,1,0,2,1
5002865,1,1.45,-3.757447,0,1,25.96,8,1,0,3,1
5003368,0,1.65,-0.9733325,0,0,38.35,5,0,1,1,1
5004374,0,1.45,-2.249893,0,1,27.97,6,0,0,3,1
5006382,0,1.95,-1.206373,1,0,33.47,5,1,0,1,0
5006513,0,2.9,-2.595311,0,1,44.56,4,0,0,1,0
5006568,0,2.9,-2.422315,0,0,61.02,1,0,0,1,0
5011583,0,2.9,-1.165325,0,0,63.6,2,1,0,1,0