wage,hours,iq,kww,educ,exper,tenure,age,married,black,south,urban,sibs,brthord,meduc,feduc,lwage
769,40,93,35,12,11,2,31,1,0,0,1,1,2,8,8,6.645091057
808,50,119,41,18,11,16,37,1,0,0,1,1,,14,14,6.694561958
825,40,108,46,14,11,9,33,1,0,0,1,1,2,14,14,6.71538353
650,40,96,32,12,13,7,32,1,0,0,1,4,3,12,12,6.47697258
562,40,74,27,11,14,5,34,1,0,0,1,10,6,6,11,6.331501961
1400,40,116,43,16,14,2,35,1,1,0,1,1,2,8,,7.244227409
600,40,91,24,10,13,0,30,0,0,0,1,1,2,8,8,6.396929741
1081,40,114,50,18,8,14,38,1,0,0,1,2,3,8,,6.985641956
1154,45,111,37,15,13,1,36,1,0,0,0,2,3,14,5,7.050989628
1000,40,95,44,12,16,16,36,1,0,0,1,1,1,12,11,6.907755375
930,43,132,44,18,8,13,38,1,0,0,0,1,1,13,14,6.835184574
921,38,102,45,14,9,11,33,1,0,0,0,1,2,16,,6.825459957
900,45,125,40,15,4,3,30,0,0,0,0,2,,12,12,6.802394867
1318,38,119,24,16,7,2,28,1,0,0,1,3,1,10,10,7.183870792
1792,40,118,47,16,9,9,34,1,0,0,1,1,1,12,12,7.491087437
958,50,105,37,10,17,2,35,1,0,0,1,1,2,6,8,6.86484766
1360,45,109,39,15,6,9,36,1,0,0,1,3,3,12,10,7.215240002
850,40,72,36,11,19,10,38,1,0,0,1,2,3,10,8,6.745236397
830,44,105,29,14,4,7,29,1,0,0,1,3,1,12,,6.721425533
471,44,101,34,12,13,7,31,1,0,0,1,3,2,8,,6.154858112
1275,40,123,37,14,9,1,31,1,0,0,1,0,1,12,,7.150701523
1615,50,113,49,16,10,4,36,1,0,0,1,2,1,12,12,7.387090206
873,65,95,36,12,14,3,38,1,0,0,1,5,1,10,10,6.771935463
2137,45,145,50,16,17,8,38,1,0,0,1,2,1,12,12,7.667158127
1053,38,114,35,16,12,7,32,1,0,0,1,0,1,11,11,6.959398746
1602,60,124,32,16,8,9,29,1,0,0,1,3,1,16,16,7.379008293
1188,40,93,40,13,16,5,35,1,0,0,1,2,1,12,8,7.080026627
800,40,115,39,18,11,1,35,1,0,1,1,0,1,8,8,6.684611797
1417,48,125,41,17,9,4,34,1,0,0,1,3,1,13,12,7.256297112
635,40,128,35,18,8,13,36,0,0,0,1,2,1,16,16,6.453625202
1000,40,103,40,12,17,2,34,1,0,0,1,1,1,8,,6.907755375
1424,50,98,41,14,15,4,35,1,0,0,1,1,1,12,12,7.261225224
2668,75,108,41,13,12,2,32,1,0,1,1,1,2,12,12,7.889084339
666,75,129,40,18,8,12,38,1,0,0,0,2,1,18,18,6.501289845
1779,40,132,42,17,8,9,32,1,0,0,1,1,1,17,14,7.48380661
782,40,92,24,13,9,10,31,1,0,0,1,3,3,8,,6.661854744
1572,35,108,39,14,7,5,28,1,1,0,1,1,,12,8,7.360104084
1274,40,106,35,13,11,12,31,1,0,0,1,0,1,15,12,7.149916649
714,35,105,37,16,9,2,29,1,0,0,1,1,2,13,12,6.570882797
1081,40,123,46,18,11,7,36,1,0,0,0,1,1,12,12,6.985641956
692,40,108,48,12,21,11,38,1,0,0,1,3,1,8,7,6.539586067
1318,38,122,47,17,10,9,33,1,0,0,1,1,,12,8,7.183870792
1239,45,109,44,12,16,4,38,1,0,0,1,3,3,12,,7.122059822
1027,27,100,40,13,12,15,38,1,0,0,1,3,3,10,9,6.934397221
1748,55,125,50,18,12,12,34,1,0,0,1,1,2,14,15,7.466227531
981,40,122,41,14,9,15,35,0,0,0,1,3,2,12,,6.888572693
770,40,105,34,17,7,11,30,1,0,0,1,3,1,12,12,6.646390438
1154,50,94,37,16,11,5,33,1,0,0,1,1,,12,12,7.050989628
1155,40,102,36,12,16,5,34,1,0,0,1,1,2,12,,7.051855564
808,60,109,47,13,14,12,38,1,0,0,1,2,2,12,10,6.694561958
1100,40,105,45,12,22,14,38,1,0,0,1,1,1,12,12,7.003065586
1154,40,134,46,18,10,10,37,1,0,1,1,2,1,12,12,7.050989628
1749,40,108,32,12,13,9,29,0,0,0,1,7,1,12,9,7.466799259
1000,50,104,36,16,11,8,30,1,0,0,1,1,1,12,11,6.907755375
462,40,112,35,12,11,1,29,1,0,0,1,8,3,12,,6.135564804
769,55,120,49,18,8,12,32,0,0,0,1,1,1,11,8,6.645091057
875,50,124,40,16,9,3,31,0,0,0,0,2,2,17,16,6.774223804
1375,40,103,34,12,12,7,29,1,0,0,1,4,2,12,10,7.226209164
1452,45,115,45,17,1,7,30,1,0,0,1,3,1,12,14,7.280697346
800,40,96,33,12,17,12,35,1,0,0,1,1,2,6,8,6.684611797
1748,55,123,48,17,10,7,36,1,0,0,1,1,1,12,12,7.466227531
1151,40,98,34,12,12,12,29,1,0,0,1,3,4,12,8,7.048386574
840,50,96,34,12,18,13,35,1,0,0,1,2,1,12,8,6.733401775
978,45,89,47,12,17,2,38,1,0,0,1,0,1,12,,6.885509491
963,40,109,43,12,15,15,37,0,0,0,0,5,,,7,6.870053291
619,42,93,20,12,10,10,28,0,0,0,1,8,,9,11,6.428105354
442,60,82,32,12,12,0,33,1,0,0,1,2,3,12,9,6.091310024
600,40,120,45,15,12,1,38,1,0,0,0,3,4,12,,6.396929741
1366,38,122,38,12,15,15,32,1,0,0,1,1,2,12,,7.219642162
1643,48,117,48,18,8,2,33,1,0,0,1,2,2,12,18,7.404279232
1455,40,109,44,16,8,13,36,1,0,0,1,1,2,8,8,7.282761097
2310,40,114,55,18,12,7,38,1,0,0,1,2,,12,16,7.745002747
1682,45,126,40,16,10,11,31,1,0,0,1,1,1,12,16,7.427738667
1235,40,82,45,12,10,2,33,1,0,0,1,1,1,11,11,7.118826389
855,45,119,45,16,11,4,32,1,0,0,1,3,1,12,9,6.751101494
1072,42,104,37,16,6,8,35,1,0,0,1,2,2,12,6,6.97728157
1040,40,115,49,15,8,15,35,1,0,0,1,3,4,,11,6.946976185
1000,50,97,45,12,17,15,36,1,0,0,1,1,2,12,12,6.907755375
675,40,105,27,15,8,2,31,1,0,0,0,3,,14,12,6.514712811
1100,37,100,32,12,14,1,30,1,0,0,1,1,2,7,7,7.003065586
996,50,114,41,12,5,14,31,1,0,0,1,2,1,12,10,6.903747082
732,40,73,28,10,17,5,36,1,0,0,1,5,6,,,6.595780373
1200,40,96,48,11,15,3,37,1,0,0,1,4,3,8,8,7.090076923
1694,30,113,30,15,9,8,29,0,0,0,1,3,1,12,16,7.434847832
686,55,106,38,10,15,3,36,1,0,1,1,4,5,14,10,6.53087759
754,40,104,37,13,9,5,32,1,0,0,1,1,2,8,,6.625392437
857,35,80,39,10,14,15,33,1,0,0,1,2,1,,12,6.753437996
832,50,104,30,13,4,2,30,1,0,0,1,1,2,12,8,6.723832607
579,44,122,36,13,8,1,30,1,0,0,0,4,1,16,16,6.361302376
672,61,96,38,12,13,3,34,1,0,0,1,2,,12,13,6.510258198
2500,40,95,51,15,12,9,36,1,0,0,1,3,1,16,16,7.824046135
1076,45,105,24,12,5,8,31,0,0,0,1,1,1,16,17,6.981005669
750,40,94,18,12,16,3,37,1,1,0,1,7,3,8,8,6.620073318
1186,30,91,41,17,8,9,33,1,0,0,1,1,1,12,14,7.078341484
833,48,96,37,16,9,7,31,1,0,0,1,4,4,12,14,6.72503376
650,40,69,37,12,14,11,30,1,1,0,1,3,4,10,9,6.47697258
1250,46,110,37,12,5,16,38,1,0,0,0,1,1,,12,7.130898952
1122,48,111,44,15,12,9,31,1,0,0,1,3,1,9,12,7.022868156
865,40,110,35,16,1,11,31,1,0,0,1,3,1,9,12,6.762729645
808,40,97,37,16,10,7,29,1,0,0,1,3,3,9,12,6.694561958
1299,60,125,44,18,6,12,35,0,0,0,1,1,2,8,8,7.169350147
903,40,91,39,12,6,12,36,1,0,0,1,5,4,9,10,6.805722713
900,40,86,28,12,17,15,37,1,0,0,1,5,3,8,10,6.802394867
625,40,110,32,12,18,0,35,1,0,0,1,4,1,9,8,6.43775177
1586,40,92,47,14,16,1,36,1,0,1,1,4,4,12,,7.368970394
962,40,85,41,10,15,16,38,1,0,0,1,1,2,9,12,6.869014263
1539,45,120,36,17,7,8,34,1,0,0,1,1,1,8,8,7.338888168
1110,52,106,42,12,11,6,33,1,0,0,0,5,2,12,12,7.012115479
1282,45,112,41,16,6,6,31,0,0,1,1,2,2,12,12,7.156176567
770,48,91,39,12,13,2,38,1,0,0,1,1,2,10,8,6.646390438
1000,45,90,42,12,16,0,38,1,0,0,1,6,3,10,12,6.907755375
895,40,86,39,9,17,16,38,1,1,0,0,2,,,12,6.796823502
1205,40,86,32,10,13,0,32,1,1,0,1,5,5,8,,7.094234943
750,40,113,27,12,11,10,29,1,0,0,0,1,,12,12,6.620073318
654,50,111,51,13,5,16,38,1,0,0,1,3,3,12,9,6.483107567
601,48,111,30,12,15,3,33,1,0,0,1,0,1,12,12,6.398594856
600,40,106,32,13,10,11,28,1,0,0,1,6,,8,7,6.396929741
433,40,98,28,12,11,10,30,0,0,0,1,1,1,12,11,6.070737839
1188,40,105,28,12,11,7,30,1,0,0,1,3,1,12,10,7.080026627
635,40,105,29,12,15,15,33,1,0,0,0,2,2,10,,6.453625202
1225,40,118,44,13,9,14,32,1,0,0,1,0,1,12,9,7.110696316
1151,45,90,38,12,19,19,36,1,0,0,1,1,1,12,8,7.048386574
865,40,95,34,12,15,11,32,0,0,0,1,3,1,9,8,6.762729645
1031,40,112,24,14,9,5,29,1,0,0,1,4,2,12,12,6.938284397
1049,55,120,39,12,9,11,32,1,0,0,1,3,2,12,10,6.955592632
1000,45,123,41,12,12,1,29,1,0,0,1,3,3,12,10,6.907755375
1105,40,103,32,13,10,11,30,1,0,0,1,1,1,16,15,7.007600784
1924,50,121,40,18,11,7,35,1,0,0,1,3,1,16,18,7.562161446
1346,40,90,44,16,9,16,38,1,0,0,1,1,1,12,12,7.204892635
809,65,125,32,12,11,10,29,1,0,0,1,0,1,12,12,6.695798874
1495,45,109,34,18,10,3,32,1,0,0,1,3,1,9,8,7.309881687
1346,50,128,46,16,10,1,33,0,0,0,0,3,1,10,9,7.204892635
1200,40,97,35,12,10,4,31,1,0,0,1,3,1,12,12,7.090076923
500,40,96,35,12,6,0,33,1,0,1,1,4,4,12,12,6.214608192
1325,45,97,44,12,12,5,28,1,0,0,1,1,2,12,8,7.189167976
900,40,78,21,12,16,5,33,1,1,0,1,4,1,7,6,6.802394867
800,40,112,39,12,15,3,34,1,0,0,1,6,4,7,,6.684611797
800,40,88,32,12,16,7,38,1,0,0,1,3,2,2,5,6.684611797
1034,40,97,39,12,15,16,36,1,0,0,1,14,10,14,11,6.941190243
980,40,101,41,12,4,12,36,1,0,0,1,1,,6,9,6.887552738
884,40,106,42,10,19,12,34,1,0,0,1,2,1,7,10,6.784457207
480,40,59,28,10,11,5,34,0,0,0,1,0,1,8,6,6.173786163
923,40,105,54,18,7,14,34,1,0,0,1,1,1,12,12,6.827629089
513,45,119,30,17,8,5,31,0,0,0,1,1,1,12,8,6.24027586
1105,40,93,36,11,17,16,37,0,0,0,1,2,2,8,8,7.007600784
1193,50,82,38,12,19,10,36,1,0,1,1,0,1,12,,7.084226608
2771,50,134,45,18,6,7,34,1,0,0,1,4,3,16,16,7.926963329
779,40,84,29,12,9,6,30,1,0,0,1,0,1,8,12,6.65801096
950,60,98,36,11,13,6,31,1,0,0,1,2,1,12,12,6.856462002
1394,40,118,41,16,11,8,30,1,0,0,0,2,1,13,12,7.239932537
1495,45,113,50,17,13,9,33,1,0,0,1,3,3,12,8,7.309881687
650,40,100,18,12,4,3,28,1,0,0,1,6,2,9,11,6.47697258
670,40,93,27,13,9,5,29,1,0,0,1,2,,12,12,6.507277489
1126,40,119,30,16,5,8,32,1,0,0,1,1,1,12,10,7.026426792
450,64,67,19,12,11,1,33,0,1,0,1,6,1,11,4,6.109247684
1028,40,111,28,12,19,12,37,1,1,1,1,3,4,12,,6.935370445
2404,50,106,38,15,8,0,32,1,0,0,1,2,1,12,12,7.784889221
1899,40,127,49,18,9,14,36,0,0,0,1,0,1,10,,7.549082756
757,40,113,35,16,10,9,33,1,0,0,1,2,1,12,12,6.62936306
1250,40,115,36,14,9,1,29,1,0,0,1,2,2,12,12,7.130898952
1162,48,102,40,16,8,11,31,1,0,0,1,3,2,12,,7.057898045
1025,40,85,29,15,9,13,29,1,1,0,1,6,1,14,12,6.93244791
1100,50,117,51,16,11,12,32,1,0,0,0,0,1,12,10,7.003065586
714,35,125,34,16,7,5,28,1,0,0,1,4,1,10,10,6.570882797
1318,35,118,47,16,16,17,37,1,0,0,0,1,1,8,12,7.183870792
1411,45,121,40,18,14,3,38,1,0,0,1,3,2,12,16,7.252053738
2162,40,115,51,17,4,4,38,1,0,0,1,1,1,12,12,7.678789139
1273,55,120,44,14,11,16,36,1,0,0,0,1,1,12,,7.149131775
1140,48,109,43,12,16,15,35,1,0,0,1,2,2,11,6,7.03878355
578,40,109,28,13,7,4,30,0,0,0,1,1,,12,11,6.359573841
942,40,85,36,12,7,10,38,1,0,0,1,4,5,,,6.848005295
1058,40,85,50,12,17,8,38,1,0,0,0,4,1,12,,6.964135647
750,40,106,32,14,9,9,29,1,0,0,1,1,2,11,10,6.620073318
1000,60,101,30,12,11,6,30,1,0,0,1,3,1,10,10,6.907755375
951,60,116,40,12,9,7,30,1,0,0,1,4,5,12,9,6.857513905
635,47,91,24,12,13,2,31,1,0,0,1,2,2,7,7,6.453625202
1250,40,91,28,12,13,1,34,1,0,0,1,3,1,11,5,7.130898952
675,40,110,34,12,6,15,34,1,0,0,1,2,1,7,,6.514712811
400,40,75,33,12,11,6,32,1,0,0,1,4,,7,12,5.991464615
577,50,94,17,12,9,8,29,1,0,0,1,2,,12,8,6.357842445
590,40,109,27,13,10,7,29,1,0,0,0,2,2,12,12,6.380122662
923,50,122,38,16,10,10,31,1,0,0,0,1,2,8,8,6.827629089
1250,50,102,26,12,6,2,32,0,0,0,1,4,2,11,8,7.130898952
1100,40,122,38,14,11,8,33,1,0,0,1,2,3,8,10,7.003065586
1130,50,105,38,12,18,2,37,1,0,0,1,4,2,10,10,7.02997303
652,50,113,37,12,14,4,36,0,0,0,1,1,2,9,9,6.480044365
618,42,104,34,12,6,2,30,1,0,0,1,3,2,8,12,6.4264884
962,50,124,43,16,7,14,34,1,0,0,1,2,2,9,11,6.869014263
529,40,110,31,13,14,11,32,1,0,0,0,1,1,12,8,6.270988464
817,40,95,37,12,16,14,33,1,0,0,0,2,1,12,12,6.705638885
962,40,120,39,16,8,9,32,1,0,0,0,0,1,18,,6.869014263
840,40,105,39,12,19,15,38,1,0,0,0,3,1,12,8,6.733401775
866,40,121,30,16,7,4,28,1,0,0,0,1,,12,12,6.763885021
2404,50,96,42,14,1,1,36,1,0,0,1,5,5,8,10,7.784889221
1126,40,110,26,12,16,2,32,1,0,0,1,6,1,9,12,7.026426792
1160,40,92,32,12,8,8,31,1,0,0,0,4,1,12,11,7.056175232
723,40,98,34,12,15,5,38,1,0,0,1,1,1,9,,6.583409309
1778,40,109,43,16,14,13,36,1,0,0,1,0,1,11,12,7.483244419
1903,48,118,44,18,13,5,36,1,0,0,0,0,1,11,11,7.551187038
1010,40,97,42,18,7,14,34,1,0,0,1,4,5,14,,6.917705536
971,40,95,42,17,5,11,37,1,0,0,1,1,2,16,8,6.878326416
525,40,99,40,12,9,2,34,1,0,0,1,2,1,10,8,6.26339817
525,40,106,31,12,12,13,30,1,0,0,0,1,1,10,12,6.26339817
670,45,117,33,12,10,3,30,1,0,0,0,5,2,12,,6.507277489
500,45,90,47,12,19,4,37,1,0,0,0,0,1,12,6,6.214608192
1058,45,98,45,14,14,15,34,1,0,0,0,2,3,,,6.964135647
550,46,95,44,12,18,15,35,1,0,0,1,1,1,12,11,6.309918404
500,45,115,43,12,14,1,32,1,0,0,1,1,2,12,11,6.214608192
727,55,106,40,15,10,5,31,0,0,0,1,1,,12,12,6.588926315
865,40,114,26,12,6,8,30,1,0,0,0,2,3,8,8,6.762729645
1081,40,92,34,13,8,2,30,1,0,1,1,3,4,12,10,6.985641956
1304,45,119,36,17,9,9,31,1,0,0,0,1,1,13,12,7.173191547
575,40,85,32,13,6,1,30,1,0,0,0,1,2,13,12,6.354370117
623,45,98,34,16,7,1,30,1,0,0,0,3,1,12,12,6.434546471
515,45,114,30,13,8,10,28,1,0,0,0,3,2,12,12,6.244166851
1273,55,84,42,18,14,4,37,1,0,0,1,1,1,8,12,7.149131775
990,40,108,42,13,13,9,33,1,0,0,0,4,1,16,16,6.897705078
600,40,107,32,12,16,6,33,1,0,0,0,5,6,8,4,6.396929741
1160,40,84,35,12,17,2,38,1,0,0,0,4,2,16,12,7.056175232
500,55,86,22,12,11,9,29,1,0,0,0,5,5,10,12,6.214608192
795,45,88,27,12,17,18,35,1,0,0,0,2,2,10,12,6.678342342
500,50,97,34,11,20,3,37,1,0,0,0,2,1,,,6.214608192
740,50,84,31,10,23,13,38,1,0,0,0,5,1,,9,6.606650352
1250,40,117,45,16,10,7,33,1,0,0,1,1,1,12,14,7.130898952
1014,55,110,42,16,13,9,30,0,0,0,1,1,2,12,14,6.921658039
1250,32,104,32,13,13,3,33,1,0,0,1,3,3,9,,7.130898952
913,40,110,26,14,4,13,29,1,0,0,1,3,4,9,,6.816735744
1346,40,99,33,16,9,8,30,1,0,0,1,2,,11,12,7.204892635
445,40,80,31,10,19,0,38,1,0,0,0,5,5,,,6.098074436
265,40,101,43,12,18,2,37,1,0,0,1,1,2,,,5.579730034
1250,40,117,31,14,7,1,28,1,0,0,1,1,2,12,12,7.130898952
1607,56,108,41,13,7,9,36,1,0,0,1,2,1,,,7.382124424
1452,35,69,33,16,12,15,38,1,1,0,1,7,6,10,10,7.280697346
1391,50,109,38,12,14,8,32,1,1,1,1,1,2,11,9,7.237778187
821,45,85,39,16,8,2,32,1,0,0,1,5,6,8,8,6.710523129
794,40,114,36,16,9,7,29,1,0,0,1,1,2,11,9,6.677083492
500,30,90,46,13,10,1,38,1,0,0,0,4,3,,,6.214608192
520,50,107,30,18,6,3,29,1,0,0,0,10,1,12,14,6.253829002
1730,50,117,41,18,12,12,37,1,0,0,1,1,2,12,8,7.455876827
1924,50,112,47,18,9,10,38,1,0,0,1,6,1,16,18,7.562161446
1155,60,106,46,18,10,2,37,1,0,0,1,3,3,14,18,7.051855564
2162,40,116,38,15,9,4,31,1,0,0,1,2,1,12,17,7.678789139
923,50,123,44,14,8,7,31,1,0,0,1,1,2,8,,6.827629089
1115,40,118,40,16,12,13,33,1,0,0,1,1,1,8,,7.016609669
449,36,91,20,12,7,2,30,0,0,0,1,1,,,,6.107022762
1500,40,103,29,12,10,11,34,1,0,0,1,2,3,12,7,7.313220501
826,40,114,40,14,20,3,37,1,0,0,1,4,4,8,6,6.716594696
937,40,102,36,12,16,8,35,1,0,0,1,3,2,12,6,6.842683315
978,48,104,36,12,19,15,36,1,0,0,1,5,6,6,,6.885509491
1031,40,112,43,14,14,12,33,0,0,0,1,6,6,14,12,6.938284397
1272,40,107,39,12,10,1,30,1,0,0,1,4,3,12,12,7.148345947
1136,50,117,36,14,16,12,34,1,0,1,1,2,3,12,12,7.035268784
800,45,110,36,12,19,12,36,1,0,0,1,7,8,,,6.684611797
1339,38,96,42,12,8,9,33,1,0,0,1,0,1,12,11,7.199678421
1063,40,90,38,12,14,12,32,1,1,0,1,2,2,8,12,6.968850613
935,44,97,27,12,10,6,29,1,0,0,1,2,2,8,7,6.840546608
808,40,99,40,12,18,13,38,1,1,0,1,0,1,9,8,6.694561958
375,40,99,29,10,12,2,30,1,0,1,0,3,2,8,5,5.926926136
537,40,97,32,12,14,8,31,0,1,0,1,2,1,11,,6.285997868
1082,55,95,40,12,11,4,29,1,1,0,1,2,2,11,,6.986566544
930,40,126,44,14,10,1,31,0,0,0,1,3,,8,,6.835184574
1155,40,109,49,17,13,4,38,1,0,0,0,3,3,12,8,7.051855564
548,40,86,22,11,7,0,33,1,1,0,1,5,2,11,,6.306275368
622,45,119,48,16,12,1,33,1,0,0,1,0,1,12,12,6.432940006
841,40,102,38,16,10,1,29,1,0,0,1,3,1,12,12,6.734591484
769,55,105,45,18,7,15,38,0,0,0,1,2,3,9,5,6.645091057
587,38,117,40,17,8,5,29,1,0,0,0,3,3,12,,6.375024796
1924,45,112,40,16,17,18,38,1,0,0,1,1,1,12,12,7.562161446
1058,40,89,28,12,7,3,29,1,0,0,1,2,,8,6,6.964135647
417,48,131,39,12,7,1,28,0,0,0,1,1,2,12,6,6.0330863
1202,48,114,28,16,6,6,28,1,0,0,1,3,3,16,16,7.091742039
1154,40,98,35,14,18,2,37,1,0,0,1,1,,10,14,7.050989628
1070,40,124,41,13,4,9,32,1,0,0,1,0,1,,,6.975413799
1202,40,125,30,14,10,11,29,1,0,0,1,2,3,12,12,7.091742039
711,45,100,38,18,13,3,36,1,0,0,1,1,,10,16,6.566672325
1202,40,84,21,14,6,5,31,1,1,0,1,2,1,11,9,7.091742039
850,43,113,26,12,7,3,28,1,0,0,1,1,2,8,12,6.745236397
1000,40,102,46,16,13,11,35,1,0,0,1,6,2,10,12,6.907755375
490,49,82,33,18,7,8,31,0,0,0,1,2,,12,9,6.194405556
1000,40,112,47,14,15,4,35,1,0,0,1,4,1,12,10,6.907755375
865,40,111,38,16,11,4,31,1,0,1,1,4,5,8,5,6.762729645
1375,40,96,24,13,3,3,30,1,0,0,1,3,1,11,8,7.226209164
1586,40,127,48,16,16,12,37,1,0,0,1,4,4,16,16,7.368970394
1602,65,97,47,15,14,14,37,1,0,0,1,1,1,8,,7.379008293
3078,65,120,50,14,12,13,36,1,0,1,1,1,2,12,,8.032034874
898,40,101,41,16,7,9,35,0,0,0,1,3,4,16,14,6.800169945
906,40,120,40,14,16,2,37,1,0,0,1,5,1,12,12,6.809039116
952,40,99,34,13,10,10,31,1,1,0,1,1,1,8,10,6.858564854
571,40,78,33,13,10,1,29,0,1,0,1,5,5,8,9,6.347389221
445,45,110,23,12,15,13,32,0,0,0,1,2,2,5,11,6.098074436
289,40,94,35,12,9,0,30,1,0,0,1,2,3,5,11,5.666426659
1444,40,120,50,16,12,15,37,1,0,0,1,1,2,17,13,7.275172234
962,55,108,45,12,19,21,36,1,0,0,1,3,1,8,8,6.869014263
1075,40,103,31,12,17,10,33,1,0,0,1,13,3,11,11,6.980075836
909,55,97,39,11,17,5,35,1,0,0,1,7,3,,,6.812345028
1250,40,106,36,12,14,19,35,1,0,0,1,4,1,11,13,7.130898952
620,40,99,22,11,10,5,29,1,1,0,1,11,5,,,6.429719448
1016,40,72,18,10,14,15,37,1,1,0,1,8,9,11,,6.923628807
800,40,88,29,10,21,14,37,1,1,0,1,8,1,11,8,6.684611797
1050,40,119,37,16,7,18,37,0,0,0,1,2,2,12,13,6.956545353
1079,50,87,33,12,18,9,36,1,0,0,1,5,5,8,,6.983789921
654,50,121,49,17,12,13,34,1,0,0,1,1,2,11,12,6.483107567
781,50,112,33,12,8,10,30,1,0,0,1,2,2,12,8,6.660574913
1038,48,103,36,15,8,2,36,1,0,1,0,2,1,12,15,6.945051193
1924,50,99,48,16,16,14,37,1,0,0,1,0,1,16,18,7.562161446
1202,40,101,40,15,15,17,37,1,0,0,1,3,2,12,12,7.091742039
666,70,117,34,15,8,2,32,1,0,0,1,0,1,,,6.501289845
905,45,109,41,14,11,14,36,1,0,0,1,3,4,8,8,6.807934761
890,70,73,46,12,6,8,31,1,0,0,1,3,1,12,12,6.791221619
817,40,116,27,16,10,7,31,1,0,1,0,1,2,16,16,6.705638885
812,40,98,42,12,10,2,29,0,0,0,1,3,2,12,12,6.699500561
577,60,104,43,14,6,2,30,1,0,1,1,2,3,14,12,6.357842445
756,40,78,29,14,9,2,31,1,0,0,1,2,2,12,12,6.628041267
1011,40,104,43,12,20,7,37,1,0,1,1,0,1,,,6.91869545
1155,45,85,39,12,14,1,34,1,0,0,1,2,1,12,12,7.051855564
1025,40,104,25,12,12,7,29,1,0,0,1,3,4,12,10,6.93244791
1350,40,107,37,12,17,12,35,1,0,0,0,2,3,,,7.207859993
1001,40,109,48,12,20,22,37,1,0,0,1,1,1,8,10,6.908754826
796,48,119,31,13,16,15,37,1,1,0,1,7,1,11,,6.679599285
1230,50,96,33,13,11,12,30,1,0,0,1,3,2,10,11,7.114769459
754,40,93,31,12,13,1,30,1,0,0,1,5,,,,6.625392437
714,40,90,32,12,17,1,37,1,0,0,0,5,3,12,12,6.570882797
1000,45,103,29,15,8,3,32,1,0,0,1,3,4,12,,6.907755375
2067,40,106,41,16,12,13,33,1,0,1,1,2,1,14,12,7.633853436
912,40,96,32,16,11,5,30,1,0,0,1,2,2,14,12,6.815639973
600,40,114,39,12,8,5,30,1,0,1,1,6,3,8,8,6.396929741
951,40,86,33,11,13,1,31,1,0,0,1,3,4,9,,6.857513905
711,45,110,38,16,8,5,32,1,0,1,1,3,2,13,12,6.566672325
1151,48,87,41,12,18,9,38,1,0,0,1,2,1,12,12,7.048386574
1000,40,89,31,12,9,5,28,1,0,0,1,2,3,13,12,6.907755375
841,44,106,40,12,15,10,31,1,0,0,1,5,6,8,,6.734591484
400,70,100,43,12,12,3,32,1,0,0,1,3,2,5,8,5.991464615
1175,45,111,38,12,17,14,34,1,0,0,1,0,1,16,4,7.069023609
1202,40,100,40,12,18,2,37,1,0,0,1,0,1,12,12,7.091742039
1442,40,114,38,12,16,17,33,1,0,0,1,2,3,12,10,7.273786545
538,55,98,45,18,5,1,34,1,0,0,1,2,2,13,,6.287858486
781,40,89,24,11,13,10,30,1,0,0,1,3,1,9,8,6.660574913
750,60,74,23,10,13,9,30,1,0,0,1,4,2,11,9,6.620073318
841,48,110,37,18,13,1,37,0,1,0,1,1,1,12,12,6.734591484
700,50,130,29,13,14,1,38,1,0,0,1,1,2,11,14,6.551080227
1346,50,108,51,16,9,4,36,1,0,0,1,1,2,12,10,7.204892635
800,45,98,31,12,16,12,33,1,0,0,0,3,4,10,8,6.684611797
1250,40,125,27,16,9,10,30,1,0,0,1,3,1,16,,7.130898952
1105,40,104,29,16,5,8,29,1,0,0,1,3,1,12,12,7.007600784
475,52,98,33,14,12,1,30,0,0,0,1,6,1,8,10,6.163314819
762,58,104,37,15,6,4,33,1,0,0,0,2,1,11,12,6.635946751
962,40,120,33,12,18,19,36,1,0,0,1,3,,8,8,6.869014263
721,40,134,38,13,9,9,30,0,0,1,1,3,3,8,8,6.580639362
800,50,92,28,9,18,13,34,1,0,0,1,0,1,8,8,6.684611797
658,40,129,34,16,11,9,30,1,0,0,1,2,1,13,16,6.489204884
1270,40,118,42,14,4,16,36,1,0,0,1,2,1,12,12,7.146772385
1313,40,107,37,12,11,7,28,1,0,0,0,1,,12,,7.180069923
824,42,92,37,12,19,15,38,1,0,0,1,1,1,12,11,6.714170456
1442,40,118,33,16,6,7,29,1,0,0,1,2,1,16,12,7.273786545
1400,42,108,38,17,7,3,31,1,0,0,1,2,1,12,14,7.244227409
1038,50,119,42,12,20,5,36,1,0,0,0,3,3,12,8,6.945051193
668,43,109,29,12,11,12,29,1,0,0,0,2,3,8,7,6.504288197
1100,40,91,41,12,18,10,36,1,0,0,0,2,3,8,8,7.003065586
1000,45,118,38,14,9,7,30,1,0,0,1,3,1,12,10,6.907755375
523,43,119,37,13,9,2,30,1,0,0,0,4,1,14,,6.259581566
1111,40,103,33,14,13,13,31,1,0,0,0,6,3,14,12,7.013015747
962,40,120,25,16,6,4,28,1,0,0,0,4,3,12,8,6.869014263
729,47,122,40,18,6,13,34,1,0,0,1,3,3,8,6,6.591673851
690,40,119,35,12,9,5,28,1,0,0,1,1,2,8,,6.536691666
1010,50,104,37,11,15,7,38,1,0,0,0,6,1,9,6,6.917705536
600,40,96,22,11,7,2,29,1,0,1,1,4,3,8,8,6.396929741
596,40,83,36,12,16,17,34,1,0,0,0,3,3,8,8,6.390240669
850,44,115,37,12,11,1,29,1,0,0,1,3,2,,,6.745236397
670,40,88,27,12,9,2,29,1,0,0,1,7,3,10,8,6.507277489
793,40,96,43,12,17,18,36,1,0,0,0,4,5,8,8,6.675823212
1442,40,123,42,17,14,7,38,1,0,1,0,2,3,12,6,7.273786545
670,50,108,43,12,14,8,34,1,0,1,1,5,1,11,7,6.507277489
876,45,116,35,16,10,8,29,1,0,0,1,2,1,12,12,6.775366306
841,40,109,45,18,13,2,36,1,0,0,0,3,4,16,12,6.734591484
975,40,97,39,13,8,0,31,1,0,0,1,3,1,12,12,6.882437706
1223,40,107,34,12,7,3,28,1,0,0,0,1,1,12,10,7.109062195
910,30,95,27,12,16,5,35,1,0,1,1,2,3,12,14,6.813444614
533,45,109,31,15,8,2,30,1,0,0,1,2,2,15,12,6.278521538
750,40,104,36,12,15,11,33,1,0,0,0,0,1,12,12,6.620073318
1206,40,110,37,12,16,4,38,1,0,0,1,1,1,12,12,7.095064163
745,40,94,40,13,17,1,36,0,0,0,0,2,3,13,8,6.613384247
900,40,103,38,12,15,1,37,1,0,1,0,3,3,8,6,6.802394867
1170,47,123,45,14,9,14,32,1,0,0,1,3,4,8,12,7.064759254
540,50,113,33,12,12,3,31,1,0,0,0,5,4,6,12,6.291569233
550,40,110,35,16,15,1,38,1,0,0,0,2,1,,,6.309918404
615,40,100,31,14,9,4,30,1,0,0,0,3,3,12,12,6.421622276
909,40,95,39,13,6,2,31,1,0,0,1,2,1,12,12,6.812345028
769,40,100,34,12,18,12,36,1,0,0,0,1,2,8,8,6.645091057
984,40,108,39,13,17,18,37,1,0,0,1,4,1,15,8,6.891625881
833,60,101,47,12,15,12,37,1,0,0,1,5,2,12,,6.72503376
879,70,90,43,12,17,10,35,0,0,0,1,1,2,12,16,6.778784752
1027,45,115,41,12,16,7,35,1,0,0,1,4,3,8,5,6.934397221
1000,55,114,41,16,10,1,33,1,0,1,0,0,1,,,6.907755375
465,43,84,33,13,10,1,29,1,0,0,1,3,3,11,11,6.142037392
1100,40,92,37,13,21,12,38,1,1,0,1,6,6,12,,7.003065586
641,45,125,44,14,9,0,37,1,0,0,1,1,1,12,11,6.463029385
1035,48,107,42,12,21,14,38,1,0,0,1,1,2,11,8,6.942156792
1212,40,129,33,14,9,3,32,0,0,0,1,6,7,8,9,7.100027084
950,40,98,40,12,11,6,30,1,0,0,1,3,4,12,12,6.856462002
938,44,108,41,12,19,20,38,1,0,0,1,0,1,8,,6.84375
1250,40,114,37,16,8,8,30,1,0,0,1,5,3,2,8,7.130898952
586,60,111,37,18,6,10,34,1,0,0,0,3,1,12,11,6.373319626
693,53,101,29,12,7,6,28,1,0,0,0,1,2,12,12,6.54102993
562,40,99,25,12,18,12,34,0,0,0,0,1,1,12,12,6.331501961
375,60,75,24,12,12,5,30,0,0,0,0,4,1,12,8,5.926926136
673,40,91,29,12,7,11,38,1,0,0,0,0,1,6,,6.511745453
654,50,113,38,17,1,13,33,1,0,0,0,1,1,12,10,6.483107567
692,50,120,34,12,17,7,35,1,0,0,0,3,4,8,,6.539586067
1111,40,98,32,14,10,1,29,1,0,0,1,3,1,12,15,7.013015747
1368,45,107,31,16,11,1,33,1,0,1,1,2,2,16,16,7.221105099
1282,45,121,39,18,7,13,32,1,0,0,1,2,2,12,12,7.156176567
1250,60,115,40,11,19,4,38,1,0,0,1,1,2,,,7.130898952
1346,40,134,42,15,15,7,35,1,0,0,1,2,1,12,10,7.204892635
1424,50,96,47,17,15,12,37,1,0,0,1,2,3,,,7.261225224
854,48,120,38,16,8,5,29,0,0,0,1,2,3,12,16,6.749931335
888,50,105,36,15,9,5,32,0,0,0,1,2,2,12,10,6.788971901
1161,50,121,40,12,5,10,34,1,0,0,1,5,6,10,,7.057036877
583,58,113,29,16,9,0,30,1,0,0,1,2,2,12,9,6.368186951
1260,45,106,37,12,5,3,29,1,0,0,1,2,1,12,13,7.138866901
947,48,104,41,18,8,13,35,1,0,0,0,3,2,9,12,6.853299141
1850,40,80,23,11,14,15,33,1,0,0,1,3,,10,10,7.522941113
1575,40,117,28,12,13,2,30,1,0,0,1,3,3,10,10,7.362010479
758,38,126,42,16,10,8,28,0,0,0,1,2,2,12,12,6.630683422
1442,40,112,42,12,19,15,36,1,0,0,1,3,2,10,8,7.273786545
489,55,104,47,13,20,4,38,1,0,1,1,2,2,,,6.192362309
1126,40,116,33,12,5,0,31,1,1,0,1,9,5,9,10,7.026426792
1000,40,70,18,12,12,5,32,0,1,0,1,6,,8,8,6.907755375
500,70,83,20,12,13,11,32,1,0,0,1,5,1,6,6,6.214608192
1200,50,84,13,12,13,9,32,1,0,0,1,5,2,6,6,7.090076923
565,45,82,30,10,15,3,33,1,0,0,0,4,4,,,6.336825848
1920,40,109,32,12,13,2,31,1,0,0,0,0,1,12,8,7.560080528
684,45,111,25,14,7,7,29,1,0,0,1,4,1,12,12,6.527957916
774,40,94,33,12,20,4,37,1,0,0,0,1,1,12,7,6.651571751
233,60,96,32,16,7,4,30,1,0,0,0,3,,12,8,5.451038361
975,40,101,33,13,12,10,30,1,0,0,0,3,3,12,13,6.882437706
1366,40,90,35,12,13,1,30,1,0,0,1,3,3,12,12,7.219642162
2137,40,120,48,16,16,3,37,1,0,1,1,3,3,12,12,7.667158127
700,40,120,38,16,10,1,29,1,0,1,1,1,1,12,12,6.551080227
1200,40,108,29,12,16,11,33,1,0,0,1,3,2,8,,7.090076923
1161,40,99,43,13,16,18,36,1,0,0,1,0,1,12,8,7.057036877
729,60,80,31,11,16,15,34,1,0,0,1,6,1,12,6,6.591673851
750,45,93,45,11,17,2,36,1,0,0,1,1,2,10,5,6.620073318
1026,45,85,46,12,4,16,38,1,0,0,1,1,2,,,6.933423042
1111,45,118,43,15,11,3,32,1,0,0,1,3,1,11,10,7.013015747
625,50,115,31,12,12,8,31,1,0,0,1,2,3,12,,6.43775177
1200,42,119,28,16,11,5,30,1,0,0,1,5,1,10,11,7.090076923
1541,40,94,39,12,8,1,32,1,0,0,1,8,3,12,11,7.340187073
1154,40,109,42,16,12,9,34,1,0,0,1,0,1,13,16,7.050989628
310,40,104,37,13,10,0,33,0,0,0,0,2,1,14,8,5.736572266
610,50,89,21,12,14,4,30,1,0,0,0,1,2,7,6,6.413458824
1749,43,101,28,12,16,17,36,1,0,0,0,2,2,12,8,7.466799259
1000,40,96,34,16,9,1,31,0,0,1,1,4,2,12,7,6.907755375
350,40,109,48,12,14,1,36,1,0,0,0,1,1,9,7,5.857933044
765,45,94,38,12,17,18,37,1,0,0,0,10,6,4,6,6.639875889
790,40,115,34,12,15,2,34,1,0,0,0,6,5,6,5,6.672032833
818,47,92,41,12,16,17,38,1,0,0,0,12,1,8,4,6.70686245
477,60,71,32,9,12,1,30,1,0,0,0,4,2,11,5,6.167516708
938,50,130,39,14,15,1,33,1,0,0,0,3,1,12,11,6.84375
2099,55,119,38,16,10,4,32,1,0,0,1,0,1,12,12,7.649216175
350,40,74,24,12,14,3,32,1,0,0,1,4,2,10,13,5.857933044
940,48,104,25,12,13,0,32,1,1,0,1,7,2,12,8,6.845880032
1202,40,124,23,15,11,8,28,1,0,0,1,2,2,10,,7.091742039
450,40,94,29,15,9,4,31,1,0,0,0,1,1,12,,6.109247684
1058,40,120,44,16,16,13,37,1,0,0,0,5,4,12,4,6.964135647
1000,40,96,40,11,15,15,37,1,0,0,1,5,5,8,9,6.907755375
318,40,67,35,12,16,5,36,1,1,1,1,6,,7,5,5.762051582
556,40,69,26,11,13,9,34,0,1,0,1,3,,8,8,6.320768356
958,60,98,42,12,11,9,28,1,0,0,1,0,1,12,11,6.86484766
995,40,92,23,9,22,13,38,1,1,0,1,7,3,7,4,6.902742863
1600,50,109,44,14,16,5,33,1,0,0,0,2,,9,10,7.37775898
606,45,100,39,18,6,5,30,0,0,0,0,1,,12,12,6.406879902
511,45,101,25,12,13,1,30,1,0,0,1,4,2,11,12,6.23636961
1411,45,111,40,16,11,12,32,1,0,1,1,1,1,12,9,7.252053738
1346,40,106,38,16,15,11,37,1,0,0,1,1,1,8,14,7.204892635
1522,46,102,37,12,15,16,37,1,0,0,0,3,2,12,10,7.327780724
1075,40,115,28,14,9,10,30,1,0,0,0,2,1,12,10,6.980075836
1200,50,99,37,12,11,11,28,1,0,0,1,5,4,10,8,7.090076923
1377,37,118,48,16,15,1,36,1,0,0,1,2,2,11,10,7.227662563
874,55,132,37,13,8,2,33,1,0,0,0,2,1,13,16,6.773080349
625,40,108,26,13,11,9,30,1,0,0,1,3,,12,16,6.43775177
1250,32,98,40,12,17,2,33,1,0,0,1,0,1,14,10,7.130898952
1082,40,111,44,13,20,12,36,1,0,0,1,4,2,8,11,6.986566544
693,40,79,36,11,18,3,38,1,0,0,0,3,2,8,8,6.54102993
727,55,97,29,12,11,11,31,1,0,0,0,3,1,12,11,6.588926315
615,50,99,49,15,16,15,38,1,0,0,0,2,3,12,14,6.421622276
913,40,101,33,16,5,7,31,1,0,0,1,2,3,12,,6.816735744
884,46,120,45,17,4,10,36,1,0,0,0,2,1,12,18,6.784457207
698,43,97,33,12,10,4,29,1,0,0,1,2,3,8,8,6.548219204
800,55,106,34,12,17,18,36,1,0,0,0,3,3,8,12,6.684611797
812,40,131,44,16,9,3,30,0,0,0,0,1,1,12,12,6.699500561
1000,40,93,32,11,16,14,34,1,0,0,1,1,,12,8,6.907755375
549,49,79,23,12,11,3,32,0,0,0,0,4,2,8,8,6.308098316
1300,35,100,38,12,13,15,31,1,0,0,1,4,2,11,,7.170119762
923,50,107,30,16,9,8,33,1,0,0,1,6,4,9,8,6.827629089
1539,40,112,42,12,15,15,32,1,0,0,0,3,1,,10,7.338888168
721,40,105,22,12,11,9,30,1,0,0,0,3,2,12,10,6.580639362
815,40,114,25,12,15,14,31,1,0,0,0,2,1,12,10,6.703187943
600,80,116,36,12,20,2,38,1,0,0,0,10,10,8,,6.396929741
1100,40,104,41,12,18,7,37,1,0,0,1,2,3,11,13,7.003065586
1058,40,85,48,12,18,19,35,1,0,0,1,2,1,9,12,6.964135647
962,40,93,46,12,15,1,30,1,0,0,1,2,2,9,12,6.869014263
433,50,100,40,12,5,9,37,1,0,0,0,2,2,8,7,6.070737839
940,40,71,20,11,9,2,29,1,0,0,0,2,3,,,6.845880032
1417,38,88,36,16,9,10,32,0,0,0,1,2,1,12,12,7.256297112
1000,65,93,32,12,11,9,29,1,0,0,1,7,1,12,8,6.907755375
500,40,98,26,13,14,5,32,1,0,0,0,3,4,12,8,6.214608192
800,50,110,35,14,8,5,28,1,0,0,1,3,4,12,10,6.684611797
766,40,109,31,12,17,18,35,1,0,0,0,4,3,,6,6.641181946
750,43,94,38,14,12,10,33,1,0,0,0,1,1,11,12,6.620073318
550,40,77,36,12,15,2,37,1,0,0,0,6,3,8,8,6.309918404
795,52,89,35,11,16,4,34,1,0,0,1,6,1,,,6.678342342
723,40,102,44,12,12,10,30,1,0,0,1,10,6,12,6,6.583409309
1039,40,113,49,14,12,8,34,1,0,0,1,1,2,16,14,6.946013927
200,55,103,38,10,11,15,32,1,0,1,1,3,2,12,5,5.298317432
400,40,90,36,10,12,1,32,1,1,0,1,5,3,8,,5.991464615
575,40,96,31,11,17,1,35,1,0,1,1,2,1,12,7,6.354370117
850,40,97,35,11,16,5,37,1,0,1,1,1,1,12,6,6.745236397
508,50,87,35,12,16,1,32,1,1,1,1,2,1,10,,6.230481625
1162,45,89,39,12,11,4,37,1,0,1,1,3,3,15,,7.057898045
1199,43,70,28,13,13,5,30,1,1,1,1,3,1,8,,7.089242935
1270,40,104,34,16,8,4,31,1,0,1,1,3,4,16,17,7.146772385
350,45,116,36,16,5,3,33,1,0,1,1,2,2,11,12,5.857933044
963,40,85,32,14,9,9,28,1,1,1,1,5,1,7,,6.870053291
1463,45,104,47,15,14,11,37,1,0,1,1,3,4,12,12,7.288244247
802,40,99,26,12,13,12,29,1,1,1,1,8,6,9,12,6.687108517
642,45,93,18,12,12,7,30,1,1,1,1,1,2,6,6,6.464588165
751,40,114,37,13,9,2,28,1,0,1,1,2,2,12,10,6.621405602
488,40,103,40,17,5,3,31,1,0,1,1,1,,12,16,6.190315247
1400,40,92,34,12,15,5,36,1,0,1,1,2,1,6,2,7.244227409
940,45,98,41,18,10,7,31,1,0,1,1,2,2,8,12,6.845880032
866,40,114,48,13,15,16,37,1,0,1,1,3,1,12,,6.763885021
675,40,77,42,12,20,4,38,1,1,1,1,5,2,12,6,6.514712811
375,40,89,24,14,9,3,30,1,1,1,1,3,1,13,,5.926926136
325,40,93,44,14,10,1,33,1,1,1,1,1,,16,,5.783825397
346,40,110,37,12,16,17,38,1,0,1,1,2,,12,5,5.846438885
1442,40,132,39,17,8,1,33,1,0,1,1,3,1,8,12,7.273786545
560,49,112,37,16,13,2,32,1,0,1,0,3,1,8,2,6.327936649
550,56,99,42,12,17,11,36,1,0,1,1,1,2,12,12,6.309918404
950,44,96,26,16,8,10,32,1,1,1,1,1,2,10,,6.856462002
684,45,106,45,13,16,2,38,1,0,1,1,1,1,12,14,6.527957916
1322,40,128,43,16,7,1,33,1,0,1,1,0,1,18,,7.186901093
1634,40,95,48,12,18,3,38,1,0,1,1,3,3,,3,7.398786068
417,40,80,30,12,8,0,30,0,0,1,1,3,4,8,7,6.0330863
472,45,71,24,11,9,0,32,1,0,1,1,13,6,6,6,6.156979084
666,50,89,28,12,16,1,34,1,1,1,1,6,1,9,,6.501289845
1679,55,127,45,18,10,3,32,1,0,1,1,1,2,12,16,7.425953865
1039,40,114,43,16,1,9,31,0,0,1,1,6,5,8,8,6.946013927
1250,40,102,30,13,13,11,30,1,0,1,1,5,6,7,,7.130898952
760,40,88,34,12,12,15,31,1,0,1,1,2,1,12,7,6.633318424
1154,42,88,32,12,14,12,29,1,0,1,1,2,2,12,7,7.050989628
1602,60,110,45,15,14,1,37,1,0,0,1,5,1,14,12,7.379008293
1442,40,110,40,13,13,13,29,1,1,1,1,1,2,7,9,7.273786545
865,40,130,39,16,5,3,30,1,0,0,1,4,2,8,12,6.762729645
705,50,100,44,12,15,12,36,1,0,1,1,1,2,,,6.558197975
1000,40,101,36,12,16,1,35,1,0,1,1,1,1,12,,6.907755375
852,44,89,36,10,13,9,32,1,0,1,1,6,7,9,,6.747586727
770,40,80,25,12,16,14,35,1,0,0,1,1,2,12,12,6.646390438
1000,40,72,20,12,16,9,34,1,0,0,1,3,4,12,12,6.907755375
1329,55,115,56,18,10,5,36,1,0,0,1,1,1,12,12,7.192182064
1682,40,115,48,16,10,4,37,1,0,1,1,1,2,12,17,7.427738667
577,55,108,47,16,4,0,31,1,1,1,1,2,2,8,8,6.357842445
685,40,93,27,12,17,7,38,0,0,1,1,6,6,8,3,6.529418945
577,40,111,37,16,8,8,29,0,1,1,1,1,1,18,18,6.357842445
1040,40,101,38,12,19,9,38,1,1,1,1,6,1,11,12,6.946976185
1250,40,92,42,16,10,11,32,0,0,1,1,1,1,12,10,7.130898952
600,40,115,40,13,7,7,28,0,0,1,1,4,5,5,,6.396929741
480,40,76,29,12,17,3,35,0,1,1,1,8,5,11,10,6.173786163
1000,40,93,26,11,11,0,29,1,0,1,1,5,3,12,12,6.907755375
988,48,91,39,12,15,15,36,1,0,1,1,1,2,8,8,6.895682812
478,45,90,35,10,19,10,34,1,0,1,1,2,1,9,9,6.1696105
440,40,84,23,12,11,2,30,1,1,1,1,5,3,9,4,6.086774826
485,40,120,43,12,11,1,30,1,1,1,1,6,6,,,6.184148788
705,40,89,32,9,19,0,36,1,1,1,1,0,1,,,6.558197975
1550,40,104,47,12,16,1,34,1,0,1,0,8,4,9,10,7.346010208
960,40,107,23,12,11,9,29,1,1,1,1,11,2,6,9,6.866933346
1000,40,100,42,12,16,14,32,1,0,1,1,2,3,12,12,6.907755375
625,40,129,40,18,4,5,36,1,0,1,0,3,1,15,15,6.43775177
1346,40,112,39,16,14,14,35,1,0,0,1,0,1,12,16,7.204892635
961,40,76,17,12,13,13,31,0,1,0,1,13,5,,8,6.867974281
479,40,97,45,12,15,1,38,1,0,1,0,3,4,,,6.171700478
1201,50,98,38,11,17,16,36,1,0,1,0,4,5,11,2,7.090909958
1346,45,60,34,16,8,2,31,1,0,1,1,2,3,,,7.204892635
1122,35,132,45,18,13,8,32,1,0,1,1,2,3,12,7,7.022868156
543,45,90,31,14,5,7,38,1,1,1,1,1,2,6,,6.297109127
450,40,63,26,11,12,4,31,1,1,1,1,7,2,7,,6.109247684
507,55,110,36,14,10,4,32,1,0,1,1,2,2,13,16,6.228510857
547,60,88,38,11,17,5,34,1,0,1,1,4,5,,,6.304448605
586,56,98,41,11,18,16,35,1,0,1,1,2,2,,6,6.373319626
462,55,61,24,12,6,4,29,1,1,1,0,9,,8,3,6.135564804
705,40,76,32,12,13,8,37,1,1,0,1,5,,,,6.558197975
1566,40,127,44,12,7,1,29,1,0,0,1,3,2,11,,7.35627985
1634,40,94,39,13,18,18,36,1,0,1,1,2,2,8,8,7.398786068
1282,45,97,48,16,4,1,32,1,0,0,1,11,3,16,16,7.156176567
556,40,127,44,16,6,2,31,1,1,1,1,2,1,12,12,6.320768356
1200,40,109,42,15,7,8,33,1,0,0,1,2,1,11,12,7.090076923
855,45,89,21,12,6,6,31,1,0,1,0,4,3,3,3,6.751101494
1053,40,90,33,12,18,7,37,1,0,1,0,1,1,11,11,6.959398746
1000,48,105,39,12,11,4,28,1,0,1,0,0,1,12,7,6.907755375
900,55,100,27,12,18,5,34,0,0,0,1,2,2,8,,6.802394867
1602,45,111,40,16,10,10,31,1,0,1,0,1,,16,12,7.379008293
508,50,125,44,17,9,2,31,1,0,1,1,3,1,16,13,6.230481625
1500,60,124,20,16,6,6,29,1,0,1,0,2,,12,10,7.313220501
1682,50,107,41,14,15,9,32,1,0,1,1,0,1,12,12,7.427738667
750,40,110,45,13,13,1,35,1,0,1,1,2,,12,16,6.620073318
843,40,102,32,14,8,7,29,1,0,1,0,1,1,16,16,6.736967087
409,40,93,26,12,17,18,38,0,0,1,0,0,1,,,6.013715267
1004,40,81,36,12,17,15,34,1,0,1,0,1,1,12,,6.911747456
650,40,99,36,12,13,10,30,1,0,1,0,1,2,12,10,6.47697258
808,40,93,26,12,17,9,37,1,1,1,0,4,1,,,6.694561958
2137,45,102,35,13,8,2,30,1,0,1,0,0,1,12,12,7.667158127
761,48,95,44,12,14,21,38,1,0,1,1,1,1,12,5,6.634633541
769,40,98,37,16,8,3,35,0,0,1,1,0,1,11,8,6.645091057
345,40,84,28,12,7,8,31,1,1,1,1,2,2,,,5.843544483
495,40,88,30,12,6,10,31,1,0,1,1,2,1,,7,6.204557896
987,38,109,41,16,9,3,31,1,0,1,1,3,4,4,,6.89467001
2500,60,82,41,12,21,1,38,1,0,1,0,3,3,8,5,7.824046135
1098,45,105,22,14,6,1,32,0,0,1,1,1,2,12,,7.001245499
1212,40,95,36,12,6,16,38,1,0,1,0,3,1,12,8,7.100027084
577,40,92,33,15,8,1,28,1,1,1,1,1,2,10,7,6.357842445
390,59,74,26,15,10,3,30,1,1,1,1,3,3,7,6,5.966146946
1500,40,123,43,16,9,12,32,1,0,1,1,1,1,12,14,7.313220501
583,80,86,24,12,9,1,30,1,0,1,1,2,2,12,12,6.368186951
460,40,92,22,11,16,1,36,1,0,1,1,5,6,,,6.13122654
945,40,87,41,12,12,13,38,1,0,1,1,2,2,8,,6.851184845
1442,60,117,39,16,9,3,31,1,0,1,1,1,2,12,10,7.273786545
1333,45,112,50,16,14,8,38,1,0,1,1,1,2,12,4,7.195187092
1500,37,119,41,15,8,5,33,0,0,0,1,1,1,12,18,7.313220501
1333,45,103,30,16,7,1,34,1,0,0,1,3,1,,,7.195187092
700,40,74,29,12,16,4,36,1,1,1,1,3,,9,,6.551080227
973,36,81,33,13,11,5,32,1,0,1,1,0,1,6,9,6.880383968
2162,40,124,48,18,10,8,32,1,0,1,1,1,1,10,10,7.678789139
797,41,89,38,12,10,7,36,1,0,1,0,1,2,7,8,6.680854797
400,40,88,34,12,14,1,32,1,1,1,1,7,7,7,6,5.991464615
1015,40,67,31,12,15,11,32,1,1,0,1,3,2,9,5,6.922643661
1744,43,106,41,16,8,9,29,1,0,1,1,1,1,12,16,7.463936806
630,40,103,30,15,14,2,32,1,0,1,0,0,1,11,5,6.445719719
445,40,91,40,12,11,4,32,1,0,1,0,0,1,6,8,6.098074436
660,42,101,34,16,12,9,31,1,0,1,1,0,1,12,12,6.492239952
779,40,85,30,12,14,7,37,1,1,1,1,7,4,12,,6.65801096
377,40,83,32,12,9,1,36,0,0,1,1,1,1,12,12,5.932245255
560,44,70,34,12,16,11,35,1,1,1,1,2,1,8,,6.327936649
1122,60,102,54,17,7,13,32,1,0,1,1,2,2,12,11,7.022868156
453,50,94,34,12,9,2,30,1,0,1,0,6,4,7,7,6.115891933
1386,40,97,38,10,17,9,37,1,0,1,1,1,2,12,8,7.234177113
1539,40,115,38,17,7,9,31,1,0,1,1,2,1,12,16,7.338888168
1154,40,117,38,16,11,12,35,1,0,1,1,5,5,17,18,7.050989628
962,50,105,45,14,15,2,37,1,0,1,1,3,4,8,4,6.869014263
722,55,113,36,16,8,1,38,0,0,1,1,1,2,8,,6.582025051
480,40,83,37,12,9,3,37,1,0,1,1,4,3,10,11,6.173786163
808,50,101,44,18,8,9,38,1,0,1,0,3,2,17,12,6.694561958
1442,40,113,36,13,14,8,36,1,0,1,1,2,1,12,12,7.273786545
1091,50,88,31,13,13,4,37,1,0,0,1,4,1,12,,6.994850159
350,40,93,41,12,16,0,33,0,1,1,1,1,1,12,,5.857933044
500,40,83,39,12,18,11,36,1,1,1,1,0,1,7,,6.214608192
1026,45,113,27,16,9,13,30,1,0,1,1,2,2,16,14,6.933423042
577,40,106,43,17,11,7,33,0,1,1,1,3,2,13,16,6.357842445
1333,60,106,38,15,5,1,30,1,0,1,1,2,2,12,12,7.195187092
915,55,114,36,12,17,9,37,1,0,0,1,1,,10,,6.81892395
1105,40,119,32,16,9,10,30,0,0,1,1,5,1,11,10,7.007600784
910,40,82,26,14,5,5,30,1,1,1,1,10,,9,3,6.813444614
1000,40,89,40,12,17,8,38,1,0,1,1,7,7,1,4,6.907755375
1160,40,74,18,12,14,1,33,1,1,1,1,9,6,3,4,7.056175232
1001,34,77,22,12,12,3,29,1,1,1,1,9,8,3,4,6.908754826
713,40,75,25,12,5,12,36,1,1,1,1,7,4,,,6.569481373
929,40,97,28,13,12,5,30,1,0,1,1,2,1,12,12,6.834108829
400,50,68,35,12,4,9,31,1,1,1,1,6,1,6,2,5.991464615
1241,40,83,51,13,9,10,33,1,0,1,1,2,3,12,12,7.123672962
1065,40,97,40,12,21,10,36,1,0,1,1,1,1,12,,6.970730305
403,45,98,37,12,5,3,30,1,0,1,1,2,,12,12,5.998936653
940,45,102,30,13,15,12,30,1,1,1,1,2,2,,,6.845880032
812,40,81,20,10,17,13,34,1,1,1,1,2,2,8,3,6.699500561
700,20,85,27,10,13,0,35,1,1,1,1,3,,6,10,6.551080227
575,40,86,20,10,12,6,33,1,1,1,1,8,,,,6.354370117
450,40,79,23,10,20,5,36,1,1,1,1,7,6,12,12,6.109247684
621,43,84,24,12,14,10,31,1,0,1,0,4,3,8,6,6.431331158
441,38,74,24,12,12,11,30,1,0,1,0,4,4,8,6,6.089045048
625,40,92,25,16,6,9,33,1,1,1,0,11,1,,,6.43775177
726,45,93,32,12,16,5,36,1,0,1,0,5,2,6,,6.587550163
500,40,69,18,9,21,13,38,1,1,1,1,8,6,6,,6.214608192
1000,44,113,41,17,8,2,34,1,0,1,1,4,1,17,18,6.907755375
393,48,92,37,12,15,16,38,1,0,1,1,1,1,8,7,5.973809719
600,40,127,44,12,8,3,28,0,0,1,0,2,2,9,12,6.396929741
962,50,109,44,12,21,12,37,1,0,1,0,0,1,6,,6.869014263
962,40,97,42,12,15,4,34,1,0,1,0,5,1,10,8,6.869014263
865,40,66,30,11,10,7,30,1,0,0,1,14,4,0,10,6.762729645
1154,50,109,46,16,10,3,35,1,0,1,1,2,1,16,14,7.050989628
1386,42,109,43,16,10,11,34,1,0,1,0,1,1,4,14,7.234177113
732,40,104,36,12,10,7,36,1,0,1,1,1,2,,,6.595780373
865,40,85,44,13,4,9,34,1,0,1,1,3,3,8,8,6.762729645
700,40,81,26,12,13,13,31,1,0,1,0,5,6,8,4,6.551080227
975,40,87,12,9,20,10,37,1,0,1,0,3,,5,4,6.882437706
1300,40,78,40,13,12,3,33,1,0,1,1,2,3,12,12,7.170119762
900,40,54,37,14,12,3,31,1,0,1,1,2,1,12,12,6.802394867
829,40,98,33,12,15,15,36,1,0,0,1,4,5,8,8,6.720220089
1000,40,98,34,12,17,13,36,1,0,1,1,3,,12,,6.907755375
827,40,105,29,16,7,8,30,1,0,0,1,2,1,16,12,6.717804909
500,44,87,25,13,5,2,31,1,0,1,1,7,,12,,6.214608192
1155,40,117,25,13,9,1,28,1,0,0,1,3,2,12,12,7.051855564
950,55,85,30,15,8,3,29,0,0,0,1,2,,12,12,6.856462002
700,40,82,35,13,10,4,30,1,0,0,1,4,5,8,,6.551080227
1710,45,114,39,18,7,6,32,1,0,0,1,1,1,12,,7.444248676
533,30,65,21,12,5,1,32,0,1,0,1,5,1,11,12,6.278521538
2004,48,105,48,18,10,0,34,1,0,0,1,2,1,12,12,7.602900505
890,60,92,20,14,9,8,32,1,0,0,1,1,2,7,7,6.791221619
3078,30,107,23,13,11,4,29,1,0,0,1,2,2,12,12,8.032034874
1539,40,111,41,17,10,13,37,1,0,0,1,3,2,12,16,7.338888168
508,40,73,38,12,1,1,31,1,1,0,1,1,,,,6.230481625
1354,40,119,49,17,13,9,35,0,0,0,0,2,1,16,16,7.210818291
1143,35,97,40,12,21,8,38,1,0,0,1,5,1,12,12,7.041411877
962,40,110,34,12,16,8,33,1,0,0,1,2,1,10,10,6.869014263
1250,44,96,32,12,19,20,38,1,0,0,1,2,1,12,12,7.130898952
990,40,67,23,12,16,3,34,1,1,0,1,2,1,8,8,6.897705078
905,40,102,31,12,17,4,37,1,0,0,0,5,5,12,12,6.807934761
926,55,64,22,12,18,0,38,1,0,0,1,4,5,0,2,6.830874443
1559,40,103,32,12,17,10,34,1,0,0,1,3,4,8,8,7.351799965
1312,40,118,39,10,14,4,32,1,0,0,1,0,1,12,8,7.179307938
923,40,118,36,14,8,16,35,1,1,0,1,5,1,7,,6.827629089
879,40,118,41,18,1,9,31,1,0,0,1,1,2,13,13,6.778784752
800,25,75,37,13,14,1,38,1,0,1,1,0,1,12,10,6.684611797
1049,50,112,45,14,6,10,32,1,0,0,0,3,3,12,10,6.955592632
550,40,95,20,12,4,1,30,0,0,0,0,3,4,12,10,6.309918404
1190,40,119,38,17,4,2,34,1,0,0,1,0,1,12,14,7.081708431
583,48,94,35,14,10,6,37,1,0,0,0,2,1,12,12,6.368186951
1200,40,103,27,14,5,2,30,1,0,0,1,1,1,6,7,7.090076923
797,55,90,36,16,11,5,33,1,0,0,1,5,2,14,17,6.680854797
1371,40,128,50,18,8,13,36,1,0,0,0,1,2,16,12,7.223295689
360,55,110,44,13,11,1,38,0,1,0,1,4,,12,8,5.886104107
1270,40,84,40,12,11,12,30,1,0,0,1,2,2,12,12,7.146772385
1832,40,97,38,12,16,1,36,1,0,0,1,1,2,8,12,7.513163567
909,40,102,34,12,14,5,33,1,0,0,1,3,3,12,7,6.812345028
1746,40,131,41,18,9,10,33,1,0,0,1,7,3,12,12,7.465082645
520,40,126,23,16,8,1,30,1,0,0,1,7,5,12,12,6.253829002
808,40,107,32,16,6,7,29,1,0,0,0,7,6,12,12,6.694561958
2137,45,108,45,16,11,2,36,1,0,0,1,2,3,12,,7.667158127
692,50,92,49,15,9,3,38,1,1,0,1,0,1,8,8,6.539586067
931,80,108,40,16,4,1,36,1,0,0,1,4,2,12,12,6.836259365
812,45,115,46,16,11,3,34,1,0,0,1,1,2,12,8,6.699500561
866,40,111,44,14,16,14,35,1,0,0,1,1,1,12,12,6.763885021
1442,40,115,47,12,14,9,36,1,0,0,1,7,5,12,12,7.273786545
500,40,101,31,14,12,0,32,1,0,0,0,2,2,11,6,6.214608192
1384,50,114,48,18,12,2,37,1,0,0,1,1,1,12,13,7.23273325
528,55,116,40,18,5,9,30,1,0,0,1,4,5,12,12,6.269096375
881,40,90,41,12,4,14,36,1,0,0,0,2,3,12,,6.781057835
1026,45,125,33,12,11,11,28,1,0,0,1,3,1,14,17,6.933423042
1212,40,98,26,12,11,12,28,0,0,0,1,4,,12,10,7.100027084
1620,38,111,42,15,8,5,29,1,0,0,0,1,2,10,,7.390181541
1843,48,109,38,16,11,2,32,1,0,0,1,3,2,12,,7.51914978
1602,60,124,36,16,12,2,37,1,0,0,1,1,2,12,12,7.379008293
1000,40,121,35,13,6,1,33,1,0,0,1,2,2,8,14,6.907755375
737,48,103,37,12,7,4,30,1,0,0,1,4,4,10,,6.6025877
1699,40,96,19,12,10,1,29,0,0,1,1,2,3,12,12,7.437795162
1699,40,100,40,12,11,9,33,1,0,0,1,1,2,12,8,7.437795162
1025,48,104,30,14,6,5,32,1,0,0,1,2,3,,12,6.93244791
1107,40,112,38,12,12,5,38,1,0,0,1,5,3,11,12,7.009408951
625,40,73,24,11,1,1,31,1,0,0,1,3,4,12,12,6.43775177
720,50,101,39,13,1,7,29,1,0,0,1,4,2,11,11,6.579251289
855,40,99,44,12,19,10,36,1,0,0,1,1,2,12,12,6.751101494
1250,40,95,23,12,12,2,32,1,0,0,1,2,2,12,12,7.130898952
1130,40,109,40,18,4,13,38,1,0,0,0,1,2,18,15,7.02997303
900,40,110,35,12,6,1,28,0,0,0,1,1,,13,13,6.802394867
1924,50,98,49,17,6,7,38,1,0,0,1,1,1,4,,7.562161446
962,40,112,46,15,8,2,37,1,0,0,1,2,1,12,16,6.869014263
1874,48,64,37,11,22,3,38,1,1,0,1,7,,,,7.535830498
1573,55,90,28,12,5,3,30,1,0,0,1,4,3,11,8,7.360739708
940,45,102,46,14,11,7,36,1,0,0,1,1,2,12,10,6.845880032
900,40,119,39,16,8,9,30,1,0,0,0,1,2,12,12,6.802394867
882,44,96,34,12,15,13,31,1,0,0,0,6,3,8,10,6.78219223
1710,45,118,40,18,12,12,38,1,0,0,1,1,1,12,12,7.444248676
1260,45,79,39,12,19,15,37,1,0,0,0,3,2,9,8,7.138866901
751,40,96,42,12,9,7,38,1,0,0,0,1,1,10,8,6.621405602
1097,50,80,27,11,12,12,28,1,0,0,0,5,1,12,11,7.000334263
1001,48,137,36,13,11,11,33,1,0,0,0,5,6,12,,6.908754826
1154,40,116,42,15,11,12,34,0,0,0,0,2,1,12,9,7.050989628
1000,43,69,31,12,15,16,35,1,0,0,1,4,4,12,8,6.907755375
1250,40,78,36,12,16,3,33,1,0,0,1,9,,6,2,7.130898952
857,65,99,41,12,18,3,38,1,0,1,1,2,1,8,8,6.753437996
1211,27,92,33,12,13,3,31,1,0,0,1,3,2,16,12,7.099201679
937,32,113,23,16,12,7,29,1,0,0,1,3,,16,12,6.842683315
904,50,98,29,13,7,1,33,1,0,0,1,5,,12,,6.806829453
872,45,115,30,15,7,4,29,1,0,0,1,3,1,12,18,6.770789623
1200,40,96,26,9,18,0,34,1,0,0,1,4,3,,8,7.090076923
1261,40,117,41,17,1,9,35,1,0,0,1,4,1,6,8,7.139660358
950,40,96,38,12,14,2,35,1,0,0,1,1,1,8,2,6.856462002
115,50,108,46,12,9,3,29,1,0,0,1,5,6,10,11,4.744932175
673,40,92,34,17,6,4,31,1,0,0,1,5,5,16,12,6.511745453
1084,45,95,38,15,17,10,37,1,0,0,1,1,2,16,16,6.988413334
1058,40,94,40,14,13,14,34,1,0,0,1,0,1,15,9,6.964135647
800,40,115,38,12,20,12,38,1,0,0,0,7,6,7,8,6.684611797
369,40,117,36,18,11,1,31,0,0,0,0,3,4,,,5.910796642
1924,40,105,42,16,14,13,36,1,0,0,0,0,1,12,,7.562161446
855,40,109,36,12,17,15,36,1,0,0,0,3,1,7,6,6.751101494
864,40,87,38,12,15,6,31,1,0,0,0,1,1,12,12,6.761572838
1092,44,110,34,16,15,13,36,1,0,0,1,4,4,13,13,6.995766163
1025,40,110,30,16,9,4,30,1,0,0,0,3,,10,12,6.93244791
850,35,109,32,12,11,2,31,1,0,0,0,2,2,17,,6.745236397
673,40,85,21,12,17,10,35,1,0,0,0,2,2,12,12,6.511745453
800,40,105,42,14,12,12,37,1,0,0,0,3,2,10,12,6.684611797
1049,44,122,39,16,7,3,33,1,0,0,0,3,3,10,12,6.955592632
884,40,108,40,17,9,11,35,1,0,0,1,3,2,14,9,6.784457207
800,40,122,38,16,10,2,31,0,0,1,1,3,3,12,8,6.684611797
1200,40,79,32,17,9,9,32,1,0,0,1,0,1,8,8,7.090076923
664,40,105,30,12,8,10,29,1,0,0,1,7,6,12,12,6.498281956
1111,45,90,47,12,18,18,37,1,0,0,1,6,3,,,7.013015747
850,43,111,38,16,8,8,34,1,0,0,1,4,2,,,6.745236397
1000,40,110,42,12,6,12,37,1,0,0,1,5,2,8,12,6.907755375
875,40,92,32,12,8,4,29,0,0,0,1,4,,14,14,6.774223804
1202,40,131,32,16,10,2,33,1,0,0,0,3,2,12,12,7.091742039
666,40,104,32,12,10,2,29,1,0,0,0,2,3,12,12,6.501289845
923,40,110,39,16,15,11,37,1,0,0,0,2,1,12,7,6.827629089
788,40,99,20,12,10,10,28,1,0,1,1,4,5,10,3,6.669497967
950,40,86,31,10,23,5,38,1,0,1,1,9,9,,6,6.856462002
1442,40,105,42,12,9,16,37,1,0,1,1,3,4,,,7.273786545
866,40,85,26,12,11,12,30,1,1,1,0,8,5,6,0,6.763885021
625,40,72,34,9,17,5,34,1,0,1,0,10,7,4,,6.43775177
680,40,86,35,12,13,9,32,0,0,1,0,6,1,6,7,6.522092819
693,40,68,38,12,11,19,35,1,0,1,0,5,2,12,8,6.54102993
875,36,95,22,12,16,2,38,0,1,1,0,8,9,6,,6.774223804
2308,40,116,42,17,8,2,38,1,0,0,0,6,1,12,13,7.74413681
1196,45,96,45,14,10,4,32,1,0,1,0,2,3,10,6,7.08673811
700,38,85,36,12,13,8,32,1,1,1,1,6,,2,8,6.551080227
721,40,100,32,12,8,8,29,1,0,1,1,3,2,12,4,6.580639362
1500,40,101,38,13,13,2,32,1,0,1,1,5,3,12,8,7.313220501
1050,50,97,31,15,4,9,31,1,1,1,1,2,1,16,9,6.956545353
801,48,100,30,14,6,10,29,1,1,1,1,2,1,,,6.685861111
640,23,96,39,12,7,3,31,0,1,1,1,5,,,,6.46146822
1198,32,117,39,16,7,9,30,1,0,1,1,1,2,12,12,7.088408947
390,55,93,38,12,4,2,32,1,0,1,1,1,,16,13,5.966146946
889,36,116,37,12,12,11,28,1,0,1,1,1,2,9,12,6.790097237
1076,38,106,42,12,19,20,36,1,0,1,1,1,1,12,9,6.981005669
1127,40,98,45,12,17,12,36,1,0,1,1,1,2,14,12,7.027314663
750,50,103,36,15,1,1,37,1,0,1,0,1,1,12,9,6.620073318
855,40,118,41,14,6,14,33,1,0,1,0,3,1,,12,6.751101494
525,40,100,22,13,5,1,31,1,0,1,0,1,1,10,12,6.26339817
1104,54,96,39,12,11,4,29,1,0,1,0,1,2,10,12,7.006695271
553,40,67,22,12,11,10,30,1,1,1,0,7,2,8,9,6.315358162
800,43,96,27,12,10,1,29,1,0,1,0,1,1,10,10,6.684611797
1384,50,104,42,13,8,7,31,1,0,1,0,3,1,13,14,7.23273325
425,30,106,34,17,8,0,36,0,0,1,0,0,1,14,12,6.052089214
510,54,62,34,11,13,4,33,0,1,1,1,7,6,2,10,6.234410763
370,32,73,31,12,13,2,31,1,1,1,0,9,2,3,4,5.91350317
596,40,62,26,12,16,14,33,1,1,1,0,9,8,2,8,6.390240669
402,40,76,28,12,9,4,28,1,1,0,1,4,2,,10,5.996451855
418,40,76,26,12,12,2,31,1,1,1,0,0,1,9,10,6.035481453
1133,40,106,44,16,13,10,36,1,0,1,0,1,1,12,,7.032624245
681,40,94,24,12,18,15,35,0,0,1,1,4,,9,10,6.523562431
950,40,81,29,11,16,5,35,1,0,1,0,3,4,10,6,6.856462002
600,40,87,15,10,20,7,36,1,0,1,0,0,1,5,6,6.396929741
661,40,96,25,13,8,6,29,0,0,1,0,3,2,,5,6.49375391
925,40,75,27,12,12,9,30,1,0,1,0,2,2,6,,6.82979393
550,40,95,34,12,14,13,31,1,0,1,0,0,1,5,5,6.309918404
606,40,86,19,11,13,11,30,1,0,1,0,4,4,3,7,6.406879902
425,40,86,17,10,7,1,30,1,0,1,0,4,4,3,7,6.052089214
340,50,104,41,14,4,1,31,1,0,1,1,5,3,8,18,5.828945637
692,50,95,21,12,16,9,34,1,0,1,1,2,2,7,5,6.539586067
575,40,116,37,12,11,9,29,1,0,1,0,1,2,8,12,6.354370117
571,40,66,20,9,15,10,33,1,0,1,0,5,1,8,6,6.347389221
817,40,101,38,16,11,9,32,1,0,1,1,1,2,0,5,6.705638885
987,40,96,23,12,11,5,29,1,0,1,0,1,2,12,12,6.89467001
616,55,104,41,12,16,18,35,1,0,1,1,4,5,9,,6.423246861
1026,60,105,34,16,12,1,35,1,0,0,1,3,1,14,10,6.933423042
808,40,106,34,12,4,3,29,1,0,0,1,1,2,8,7,6.694561958
808,50,101,34,17,8,0,30,1,0,1,1,1,2,15,15,6.694561958
788,40,96,42,12,13,5,36,1,0,1,1,4,1,12,12,6.669497967
850,40,105,34,12,6,2,33,1,0,0,1,1,1,12,9,6.745236397
900,38,106,40,12,10,19,38,1,0,1,1,7,,3,2,6.802394867
1418,45,102,44,12,19,20,36,1,0,1,1,2,3,8,8,7.257002831
260,40,75,35,12,21,0,37,1,1,1,0,3,3,,,5.56068182
662,45,99,27,14,7,2,28,1,1,1,0,6,1,5,5,6.495265484
562,55,90,46,13,4,1,38,1,0,1,0,1,1,12,11,6.331501961
562,80,104,30,12,11,5,28,1,0,1,0,1,,12,12,6.331501961
357,70,115,37,13,5,2,30,1,0,1,1,6,7,,,5.877735615
1009,40,118,37,16,11,12,32,1,0,1,0,0,1,12,10,6.916715145
1442,40,108,40,12,17,17,36,1,0,1,1,1,1,9,12,7.273786545
651,40,76,30,11,11,2,29,1,1,0,1,7,7,10,11,6.478509426
750,40,50,28,12,14,5,32,1,1,1,0,10,,3,,6.620073318
754,40,55,23,12,13,14,33,1,1,1,0,2,1,10,,6.625392437
700,40,73,23,12,17,9,38,1,1,1,0,8,3,,,6.551080227
503,40,84,14,11,11,2,30,0,1,0,1,3,,9,9,6.220590115
937,40,104,37,12,14,15,32,1,0,1,0,1,2,12,9,6.842683315
624,40,92,40,10,18,10,36,1,0,1,0,2,3,10,6,6.436150551
750,40,83,27,12,4,10,32,1,1,1,0,7,1,10,6,6.620073318
900,40,98,36,14,1,8,30,1,1,1,0,7,2,10,6,6.802394867
540,40,70,25,10,12,10,29,1,1,1,0,9,,10,7,6.291569233
642,35,87,26,13,9,3,30,1,0,1,0,10,10,4,10,6.464588165
400,50,96,38,15,6,10,28,0,0,1,0,5,,12,,5.991464615
900,40,80,34,10,15,14,38,1,0,1,0,3,3,12,10,6.802394867
513,40,104,40,16,8,10,33,1,0,1,0,5,2,12,10,6.24027586
894,40,104,35,18,7,10,35,1,0,1,0,7,8,9,8,6.795705795
1282,60,96,24,18,7,5,32,1,0,1,1,4,2,12,18,7.156176567
485,40,89,24,12,10,9,30,0,0,1,0,4,3,12,18,6.184148788
325,55,113,39,12,11,5,29,1,0,1,0,1,2,10,13,5.783825397
769,45,105,29,12,16,5,33,1,0,1,0,4,1,7,7,6.645091057
618,40,84,39,14,6,8,31,0,0,1,1,7,8,7,4,6.4264884
1040,48,108,36,12,16,17,35,1,0,1,1,6,7,7,3,6.946976185
751,40,104,32,12,15,4,34,1,0,1,1,4,3,8,3,6.621405602
380,50,106,28,12,15,11,30,1,0,1,0,2,1,7,7,5.940171242
300,24,83,45,12,16,3,37,1,1,1,1,4,1,3,,5.703782558
753,46,70,34,10,21,7,38,1,0,1,1,4,2,12,7,6.624065399
1065,65,104,39,16,10,11,34,1,0,1,1,2,3,11,12,6.970730305
1070,40,91,42,12,13,1,30,1,0,0,1,1,2,14,12,6.975413799
1573,55,112,42,18,7,8,34,1,0,1,1,1,1,14,18,7.360739708
650,40,97,27,10,14,9,30,1,0,1,0,5,1,12,9,6.47697258
700,45,99,40,12,15,7,32,1,0,1,0,4,2,10,10,6.551080227
494,40,74,30,12,16,4,34,1,1,1,0,5,,,,6.202535629
890,48,100,40,12,4,8,31,1,0,1,0,0,1,,,6.791221619
520,40,86,28,10,15,12,31,1,0,1,0,0,1,6,,6.253829002
891,40,90,36,12,16,16,32,1,0,1,0,5,5,12,9,6.79234457
570,50,101,43,12,11,12,30,1,0,0,1,2,3,12,,6.345636368
1444,40,109,33,15,11,1,29,1,0,1,1,2,1,11,9,7.275172234
481,48,98,26,12,14,2,31,0,1,0,1,4,3,,,6.175867081
500,44,107,40,12,21,12,38,1,0,1,0,2,,12,7,6.214608192
1473,40,110,48,16,15,15,36,1,0,1,0,1,2,12,14,7.295056343
803,40,120,35,13,4,1,28,1,0,1,1,3,4,10,12,6.688354492
962,50,97,34,16,7,2,30,1,0,1,1,0,1,12,12,6.869014263
1000,44,103,37,12,9,5,29,1,0,1,1,0,1,11,,6.907755375
600,40,114,36,16,5,4,30,1,0,1,1,2,1,12,12,6.396929741
450,40,95,31,11,12,2,30,1,0,1,0,2,3,8,8,6.109247684
629,60,93,32,12,6,1,30,1,1,1,0,8,3,10,6,6.444131374
492,60,67,38,12,15,2,34,1,1,1,0,3,,8,,6.198478699
1562,40,97,28,17,7,2,32,1,0,1,1,5,1,12,13,7.353722095
357,70,97,34,14,6,3,28,1,0,1,0,1,2,13,16,5.877735615
960,40,83,25,13,14,13,32,1,0,1,1,4,,10,,6.866933346
566,45,104,46,16,5,2,32,1,0,1,0,1,2,12,12,6.33859396
481,40,82,27,12,9,2,32,1,0,1,0,2,2,12,8,6.175867081
1442,40,113,45,16,8,10,35,1,0,1,1,2,2,8,8,7.273786545
645,45,93,39,12,11,3,35,1,0,1,0,7,7,7,8,6.469250202
788,40,100,23,11,15,6,32,1,1,1,0,5,,9,,6.669497967
644,42,101,38,12,11,5,33,1,0,1,0,4,3,12,,6.467698574
477,45,100,33,12,9,3,31,1,0,1,0,3,3,7,7,6.167516708
664,60,82,30,16,10,9,34,1,1,1,1,3,4,16,16,6.498281956
520,40,79,28,16,6,1,30,1,1,1,0,0,1,11,,6.253829002
1202,40,102,32,13,10,3,31,1,0,1,1,7,7,8,6,7.091742039
538,45,77,22,12,12,10,28,1,1,1,0,9,,7,,6.287858486
873,44,109,25,12,12,12,28,1,0,1,0,1,1,,11,6.771935463
1000,40,107,32,12,17,18,35,1,0,1,0,5,1,,,6.907755375